matchId,deckId,botType,side,round,targetsAffected,attackRemoved,healthRemoved,boardValueBefore,boardValueAfter,boardValueRemoved,won,winWithinOneRound,winWithinTwoRounds
pc-48b4ee15-101,rudeljaeger__mit_pc,control,1,6,2,7,9,18,10,8,false,false,false
pc-48b4ee15-101,forschung_muskelkraft__mit_pc,control,0,10,5,16,14,35,25,10,true,false,false
pc-3b4faf90-103,rudeljaeger__mit_pc,control,1,6,2,8,10,20,10,10,false,false,false
pc-3b4faf90-103,forschung_muskelkraft__mit_pc,control,0,8,4,9,8,21,16,5,true,false,true
pc-ea321a61-104,rudeljaeger__mit_pc,control,1,10,3,0,0,3,3,0,false,false,false
pc-dcccdbdc-106,rudeljaeger__mit_pc,control,1,6,3,12,12,27,15,12,false,false,false
pc-561a2c9a-107,rudeljaeger__mit_pc,control,1,6,3,12,15,30,15,15,false,false,false
pc-561a2c9a-107,forschung_muskelkraft__mit_pc,control,0,10,4,12,10,26,18,8,true,false,true
pc-99d28343-108,forschung_muskelkraft__mit_pc,control,0,6,2,9,8,19,10,9,false,false,false
pc-05bab57c-111,rudeljaeger__mit_pc,control,1,6,4,14,10,28,18,10,true,false,false
pc-05bab57c-111,forschung_muskelkraft__mit_pc,control,0,6,2,5,5,12,10,2,false,false,false
pc-a737c1c8-114,forschung_muskelkraft__mit_pc,control,0,10,3,4,4,11,7,4,true,false,false
pc-a737c1c8-114,rudeljaeger__mit_pc,control,1,15,5,20,18,43,21,22,false,false,false
pc-20853286-115,forschung_muskelkraft__mit_pc,control,0,6,3,13,8,24,13,11,false,false,false
pc-1fc71476-128,rudeljaeger__mit_pc,control,1,6,3,11,14,28,15,13,false,false,false
pc-a5bb85a8-132,rudeljaeger__mit_pc,control,1,6,3,11,14,28,15,13,true,true,true
pc-1f08f666-133,rudeljaeger__mit_pc,control,1,6,2,8,8,18,10,8,true,false,true
pc-1f08f666-133,forschung_muskelkraft__mit_pc,control,0,6,4,14,13,31,20,11,false,false,false
pc-98564723-134,forschung_muskelkraft__mit_pc,control,0,7,5,6,6,17,13,4,true,false,false
pc-11a3b7e1-135,rudeljaeger__mit_pc,control,1,9,3,15,20,38,15,23,true,true,true
pc-11a3b7e1-135,forschung_muskelkraft__mit_pc,control,0,10,5,16,15,36,25,11,false,false,false
pc-39d37370-137,forschung_muskelkraft__mit_pc,control,0,8,2,9,8,19,10,9,true,false,true
pc-2c6e34eb-139,rudeljaeger__mit_pc,control,1,6,2,8,8,18,10,8,true,true,true
pc-043e795c-145,forschung_muskelkraft__mit_pc,control,0,6,4,11,8,23,18,5,true,false,false
pc-043e795c-145,rudeljaeger__mit_pc,control,1,9,4,11,12,27,12,15,false,false,false
pc-7d8bca19-146,rudeljaeger__mit_pc,control,1,6,3,10,12,25,15,10,false,false,false
pc-7d8bca19-146,forschung_muskelkraft__mit_pc,control,0,7,3,7,7,17,11,6,true,false,false
pc-10e599d1-148,rudeljaeger__mit_pc,control,1,6,3,9,12,24,15,9,true,true,true
pc-8a32ea8e-149,forschung_muskelkraft__mit_pc,control,0,6,2,9,8,19,10,9,true,true,true
pc-1b5f9b85-152,rudeljaeger__mit_pc,control,1,6,4,17,21,42,20,22,true,false,false
pc-1b5f9b85-152,forschung_muskelkraft__mit_pc,control,0,11,4,12,6,22,18,4,false,false,false
pc-94acec42-153,rudeljaeger__mit_pc,control,1,7,3,13,21,37,15,22,false,false,false
pc-28c4da0a-154,rudeljaeger__mit_pc,control,1,6,3,14,16,33,15,18,false,false,false
pc-28c4da0a-154,forschung_muskelkraft__mit_pc,control,0,12,1,4,4,9,5,4,true,true,true
pc-a2122ac7-155,rudeljaeger__mit_pc,control,1,6,4,17,19,40,20,20,false,false,false
pc-a2122ac7-155,forschung_muskelkraft__mit_pc,control,0,8,3,7,6,16,11,5,false,false,false
pc-af77694c-157,rudeljaeger__mit_pc,control,1,9,5,27,30,62,25,37,false,false,false
pc-e5ca8170-160,forschung_muskelkraft__mit_pc,control,0,6,3,4,4,11,7,4,true,false,false
pc-e5ca8170-160,rudeljaeger__mit_pc,control,1,7,4,13,14,31,20,11,false,false,false
pc-00951e7b-164,rudeljaeger__mit_pc,control,1,8,4,19,19,42,20,22,false,false,false
pc-79245128-166,rudeljaeger__mit_pc,control,1,6,3,13,14,30,15,15,false,false,false
pc-79245128-166,forschung_muskelkraft__mit_pc,control,0,7,2,6,5,13,10,3,true,false,false
pc-86898fad-168,forschung_muskelkraft__mit_pc,control,0,7,4,9,6,19,14,5,true,false,false
pc-86898fad-168,rudeljaeger__mit_pc,control,1,9,4,17,20,41,20,21,false,false,false
pc-ffd6e06a-169,forschung_muskelkraft__mit_pc,control,0,7,5,16,8,29,19,10,false,false,false
pc-0d3c3ef0-171,rudeljaeger__mit_pc,control,1,6,5,22,25,52,25,27,false,false,false
pc-0d3c3ef0-171,forschung_muskelkraft__mit_pc,control,0,11,4,8,6,18,14,4,true,false,true
pc-1aa17d75-173,forschung_muskelkraft__mit_pc,control,0,6,5,9,8,22,13,9,true,false,false
pc-438f5714-174,rudeljaeger__mit_pc,control,1,6,3,14,17,34,15,19,false,false,false
pc-438f5714-174,forschung_muskelkraft__mit_pc,control,0,8,3,9,9,21,15,6,true,false,false
pc-bcdca7d1-175,rudeljaeger__mit_pc,control,1,7,3,12,10,25,14,11,false,false,false
pc-bcdca7d1-175,forschung_muskelkraft__mit_pc,control,0,7,3,7,7,17,11,6,true,false,false
pc-ca41e656-177,forschung_muskelkraft__mit_pc,control,0,7,3,9,8,20,11,9,true,true,true
pc-5e59d41e-178,forschung_muskelkraft__mit_pc,control,0,6,3,4,2,9,8,1,true,false,false
pc-5e59d41e-178,rudeljaeger__mit_pc,control,1,6,5,17,20,42,25,17,false,false,false
pc-d7a724db-179,rudeljaeger__mit_pc,control,1,10,4,23,23,50,20,30,false,false,false
pc-6bbf12a3-180,forschung_muskelkraft__mit_pc,control,0,7,3,11,6,20,13,7,false,false,false
pc-e50c6360-181,rudeljaeger__mit_pc,control,1,6,3,14,17,34,15,19,false,false,false
pc-e50c6360-181,forschung_muskelkraft__mit_pc,control,0,9,5,15,14,34,21,13,true,false,true
pc-e44e4550-182,rudeljaeger__mit_pc,control,1,7,3,13,20,36,15,21,false,false,false
pc-e44e4550-182,forschung_muskelkraft__mit_pc,control,0,11,3,9,8,20,15,5,true,true,true
pc-5d9bb60e-183,forschung_muskelkraft__mit_pc,control,0,15,4,13,10,27,18,9,true,true,true
pc-78663318-187,rudeljaeger__mit_pc,control,1,7,3,12,17,32,15,17,false,false,false
pc-78663318-187,forschung_muskelkraft__mit_pc,control,0,7,4,7,7,18,12,6,true,false,false
pc-85cb719d-189,rudeljaeger__mit_pc,control,1,6,3,14,16,33,15,18,true,true,true
pc-aeb94b3c-190,rudeljaeger__mit_pc,control,1,6,3,14,16,33,15,18,true,false,true
pc-aeb94b3c-190,forschung_muskelkraft__mit_pc,control,0,8,3,4,4,11,7,4,false,false,false
pc-c983c846-194,rudeljaeger__mit_pc,control,1,9,5,27,34,66,25,41,false,false,false
pc-c983c846-194,forschung_muskelkraft__mit_pc,control,0,11,5,10,4,19,18,1,true,true,true
pc-d6e906cb-196,rudeljaeger__mit_pc,control,1,6,4,16,18,38,20,18,true,true,true
pc-50367789-197,rudeljaeger__mit_pc,control,1,8,4,20,23,47,20,27,false,false,false
pc-50367789-197,forschung_muskelkraft__mit_pc,control,0,11,3,12,8,23,15,8,true,true,true
pc-c8c5aa36-199,forschung_muskelkraft__mit_pc,control,0,9,5,10,8,23,17,6,false,false,false
pc-c8c5aa36-199,rudeljaeger__mit_pc,control,1,14,5,16,16,37,17,20,true,true,true
pc-33e517cc-203,forschung_muskelkraft__mit_pc,control,0,6,4,13,10,27,20,7,false,false,false
pc-5c14d35b-209,forschung_muskelkraft__mit_pc,control,0,10,5,15,12,32,23,9,true,true,true
pc-0af73e2d-216,forschung_muskelkraft__mit_pc,control,0,6,4,5,4,13,8,5,false,false,false
pc-185c7cb2-218,forschung_muskelkraft__mit_pc,control,0,6,3,11,10,24,15,9,false,false,false
pc-fd91ffa7-222,forschung_muskelkraft__mit_pc,control,0,6,2,7,6,15,10,5,false,false,false
pc-d4a40608-227,forschung_muskelkraft__mit_pc,control,0,6,2,10,8,20,10,10,true,false,false
pc-25c1bb37-228,forschung_muskelkraft__mit_pc,control,0,6,4,8,6,18,14,4,true,true,true
pc-ac744a79-229,forschung_muskelkraft__mit_pc,control,0,6,4,16,12,32,18,14,true,false,false
pc-76213255-232,forschung_muskelkraft__mit_pc,control,0,7,3,10,6,19,13,6,true,true,true
pc-5b56b54b-236,forschung_muskelkraft__mit_pc,control,0,14,4,9,4,17,15,2,true,true,true
pc-abb62c69-240,forschung_muskelkraft__mit_pc,control,0,6,4,8,6,18,12,6,true,false,false
pc-9e50ede4-246,forschung_muskelkraft__mit_pc,control,0,8,3,4,4,11,7,4,true,true,true
pc-7fdd15f9-256,forschung_muskelkraft__mit_pc,control,0,6,1,4,4,9,5,4,true,true,true
pc-2ebf60cb-265,forschung_muskelkraft__mit_pc,control,0,7,3,11,10,24,15,9,true,false,false
pc-c2d74e92-266,forschung_muskelkraft__mit_pc,control,0,7,4,17,10,31,18,13,false,false,false
pc-dda1cb9c-270,forschung_muskelkraft__mit_pc,control,0,6,1,4,4,9,5,4,false,false,false
pc-f86c48a6-274,forschung_muskelkraft__mit_pc,control,0,7,4,12,8,24,14,10,true,false,false
pc-71b9b964-275,forschung_muskelkraft__mit_pc,control,0,7,5,7,6,18,13,5,true,false,false
pc-3b668140-284,forschung_muskelkraft__mit_pc,control,0,13,5,14,14,33,21,12,true,false,false
pc-b4b3f1fd-285,forschung_muskelkraft__mit_pc,control,0,13,4,14,8,26,18,8,true,true,true
pc-56311e4a-288,forschung_muskelkraft__mit_pc,control,0,11,4,10,4,18,14,4,true,true,true
pc-63965ccf-290,forschung_muskelkraft__mit_pc,control,0,9,2,7,6,15,10,5,true,true,true
pc-70fb9b54-292,forschung_muskelkraft__mit_pc,control,0,7,3,7,6,16,12,4,true,false,true
pc-ea48ec11-293,forschung_muskelkraft__mit_pc,control,0,7,5,7,6,18,13,5,true,false,false
pc-7e60d9d9-294,forschung_muskelkraft__mit_pc,control,0,11,4,8,6,18,14,4,true,true,true
pc-f841ff66-301,rudeljaeger__mit_pc,control,1,7,4,17,22,43,20,23,false,false,false
pc-eadca0e1-303,rudeljaeger__mit_pc,control,1,6,2,0,0,2,2,0,true,false,true
pc-130c7c71-305,rudeljaeger__mit_pc,control,1,6,3,11,13,27,15,12,false,false,false
pc-8c59cd2e-306,rudeljaeger__mit_pc,control,1,6,3,10,12,25,15,10,false,false,false
pc-b48988bd-308,rudeljaeger__mit_pc,control,1,6,1,5,6,12,5,7,true,false,false
pc-cf5405c7-312,rudeljaeger__mit_pc,control,1,6,3,10,13,26,15,11,false,false,false
pc-48a17685-313,rudeljaeger__mit_pc,control,1,6,2,8,8,18,10,8,true,true,true
pc-c1eec742-314,rudeljaeger__mit_pc,control,1,6,3,0,0,3,3,0,false,false,false
pc-06655bfc-318,rudeljaeger__mit_pc,control,1,7,4,16,22,42,20,22,false,false,false
pc-7fb2acb9-319,rudeljaeger__mit_pc,control,1,7,4,19,22,45,20,25,true,false,false
pc-a7e26848-321,rudeljaeger__mit_pc,control,1,6,3,10,8,21,13,8,false,false,false
pc-212fd906-322,rudeljaeger__mit_pc,control,1,6,3,11,12,26,15,11,true,true,true
pc-dd77625c-329,rudeljaeger__mit_pc,control,1,6,3,11,14,28,15,13,false,false,false
pc-47e35875-334,rudeljaeger__mit_pc,control,1,6,4,14,17,35,20,15,false,false,false
pc-dbfb263c-339,rudeljaeger__mit_pc,control,1,11,5,5,6,16,9,7,false,false,false
pc-9842cf93-346,rudeljaeger__mit_pc,control,1,10,4,14,15,33,20,13,false,false,false
pc-ea1e82d1-348,rudeljaeger__mit_pc,control,1,6,2,8,10,20,10,10,false,false,false
pc-0daf3095-352,rudeljaeger__mit_pc,control,1,6,2,10,12,24,10,14,true,true,true
pc-9461dfd7-353,rudeljaeger__mit_pc,control,1,6,2,8,10,20,10,10,false,false,false
pc-0049f210-354,rudeljaeger__mit_pc,control,1,6,3,12,14,29,15,14,false,false,false
pc-f2e4b38a-356,rudeljaeger__mit_pc,control,1,6,3,14,16,33,15,18,true,false,true
pc-799742cd-357,rudeljaeger__mit_pc,control,1,6,4,15,18,37,20,17,false,false,false
pc-c9f6d9eb-361,rudeljaeger__mit_pc,control,1,9,4,19,21,44,20,24,false,false,false
pc-35deec24-362,rudeljaeger__mit_pc,control,1,8,5,24,25,54,24,30,false,false,false
pc-a2853c6c-368,rudeljaeger__mit_pc,control,1,6,3,14,16,33,15,18,false,false,false
pc-2937cbaf-369,rudeljaeger__mit_pc,control,1,6,5,22,20,47,25,22,false,false,false
pc-1bd28d2a-371,rudeljaeger__mit_pc,control,1,6,3,12,14,29,15,14,false,false,false
pc-0e6d4ea5-373,rudeljaeger__mit_pc,control,1,6,4,17,22,43,20,23,true,false,false
pc-e57f7505-374,rudeljaeger__mit_pc,control,1,6,4,18,23,45,20,25,false,false,false
pc-6c320448-375,rudeljaeger__mit_pc,control,1,15,3,6,7,16,11,5,true,true,true
pc-d81a3680-376,rudeljaeger__mit_pc,control,1,7,3,14,17,34,15,19,false,false,false
pc-5167873e-379,rudeljaeger__mit_pc,control,1,6,3,14,16,33,15,18,true,true,true
pc-e40338e5-384,rudeljaeger__mit_pc,control,1,6,3,14,16,33,15,18,false,false,false
pc-5d5089a3-387,rudeljaeger__mit_pc,control,1,6,4,17,19,40,20,20,false,false,false
pc-c938bbdb-388,rudeljaeger__mit_pc,control,1,12,5,16,17,38,21,17,true,false,false
pc-26fd717f-390,rudeljaeger__mit_pc,control,1,6,3,14,16,33,15,18,true,true,true
pc-0c32f475-394,rudeljaeger__mit_pc,control,1,6,4,16,20,40,20,20,true,false,true
pc-92e583b7-395,rudeljaeger__mit_pc,control,1,6,3,14,17,34,15,19,false,false,false
pc-fecdb5ef-396,rudeljaeger__mit_pc,control,1,7,3,13,16,32,15,17,false,false,false
pc-0cf11285-399,rudeljaeger__mit_pc,control,1,8,4,21,21,46,20,26,false,false,false
pc-b5342f3d-500,solidaritaet_ueberleben__mit_pc,control,1,7,5,24,30,59,25,34,true,false,true
pc-3be6de80-501,solidaritaet_ueberleben__mit_pc,control,1,7,3,16,17,36,15,21,true,true,true
pc-c2996dc2-502,solidaritaet_ueberleben__mit_pc,control,1,6,4,12,13,29,19,10,true,true,true
pc-c2996dc2-502,forschung_muskelkraft__mit_pc,control,0,6,3,7,7,17,11,6,false,false,false
pc-494c1d05-503,forschung_muskelkraft__mit_pc,control,0,6,5,16,17,38,22,16,true,false,false
pc-494c1d05-503,solidaritaet_ueberleben__mit_pc,control,1,14,4,14,18,36,16,20,false,false,false
pc-9a69b233-504,forschung_muskelkraft__mit_pc,control,0,6,4,15,13,32,18,14,false,false,false
pc-9a69b233-504,solidaritaet_ueberleben__mit_pc,control,1,7,3,12,15,30,15,15,true,false,false
pc-211c4176-505,solidaritaet_ueberleben__mit_pc,control,1,6,4,15,17,36,20,16,true,false,false
pc-a7cef0b8-506,solidaritaet_ueberleben__mit_pc,control,1,6,3,11,16,30,15,15,false,false,false
pc-a7cef0b8-506,forschung_muskelkraft__mit_pc,control,0,8,5,16,24,45,25,20,true,false,false
pc-2e819ffb-507,solidaritaet_ueberleben__mit_pc,control,1,6,3,12,14,29,15,14,true,false,true
pc-7f9f3529-508,forschung_muskelkraft__mit_pc,control,0,8,3,11,11,25,12,13,true,true,true
pc-0651c46c-509,forschung_muskelkraft__mit_pc,control,0,6,5,10,17,32,21,11,false,false,false
pc-0651c46c-509,solidaritaet_ueberleben__mit_pc,control,1,7,4,16,19,39,20,19,true,false,false
pc-8d0473ae-510,solidaritaet_ueberleben__mit_pc,control,1,7,5,23,28,56,25,31,false,false,false
pc-8d0473ae-510,forschung_muskelkraft__mit_pc,control,0,8,5,16,16,37,18,19,true,false,true
pc-13b702f1-511,solidaritaet_ueberleben__mit_pc,control,1,6,3,12,15,30,15,15,false,false,false
pc-64d4b81f-512,solidaritaet_ueberleben__mit_pc,control,1,6,3,11,12,26,15,11,false,false,false
pc-64d4b81f-512,forschung_muskelkraft__mit_pc,control,0,10,5,17,26,48,25,23,true,false,false
pc-7239f6a4-514,solidaritaet_ueberleben__mit_pc,control,1,6,2,9,9,20,10,10,false,false,false
pc-7239f6a4-514,forschung_muskelkraft__mit_pc,control,0,6,5,17,23,45,25,20,true,false,false
pc-f8ec85e6-515,forschung_muskelkraft__mit_pc,control,0,11,3,9,11,23,14,9,true,false,false
pc-f8ec85e6-515,solidaritaet_ueberleben__mit_pc,control,1,14,5,3,4,12,9,3,false,false,false
pc-4a0a3b15-516,forschung_muskelkraft__mit_pc,control,0,6,4,11,17,32,18,14,false,false,false
pc-4a0a3b15-516,solidaritaet_ueberleben__mit_pc,control,1,12,3,15,19,37,15,22,true,false,false
pc-d0bcca57-517,solidaritaet_ueberleben__mit_pc,control,1,6,3,11,14,28,15,13,false,false,false
pc-d0bcca57-517,forschung_muskelkraft__mit_pc,control,0,8,3,12,11,26,13,13,true,false,false
pc-576f799a-518,solidaritaet_ueberleben__mit_pc,control,1,6,3,12,11,26,15,11,true,false,true
pc-2f3fbe0b-520,solidaritaet_ueberleben__mit_pc,control,1,12,5,18,18,41,21,20,true,false,true
pc-2f3fbe0b-520,forschung_muskelkraft__mit_pc,control,0,13,4,10,12,26,15,11,false,false,false
pc-b5f24d4d-521,forschung_muskelkraft__mit_pc,control,0,6,4,13,18,35,20,15,true,false,false
pc-b5f24d4d-521,solidaritaet_ueberleben__mit_pc,control,1,7,3,13,14,30,15,15,false,false,false
pc-3ca4fc90-522,solidaritaet_ueberleben__mit_pc,control,1,6,3,10,15,28,15,13,false,false,false
pc-3ca4fc90-522,forschung_muskelkraft__mit_pc,control,0,8,3,15,18,36,15,21,true,false,false
pc-c3578bd2-523,forschung_muskelkraft__mit_pc,control,0,6,4,9,14,27,18,9,true,false,false
pc-14752101-524,forschung_muskelkraft__mit_pc,control,0,6,4,6,7,17,8,9,true,false,false
pc-14752101-524,solidaritaet_ueberleben__mit_pc,control,1,14,5,32,25,62,21,41,false,false,false
pc-9b27d043-525,solidaritaet_ueberleben__mit_pc,control,1,6,2,9,10,21,10,11,false,false,false
pc-9b27d043-525,forschung_muskelkraft__mit_pc,control,0,6,5,6,8,19,13,6,true,false,false
pc-21da7f86-526,solidaritaet_ueberleben__mit_pc,control,1,6,3,12,17,32,15,17,false,false,false
pc-21da7f86-526,forschung_muskelkraft__mit_pc,control,0,6,5,7,7,19,14,5,true,false,false
pc-a88d0ec8-527,solidaritaet_ueberleben__mit_pc,control,1,6,3,11,14,28,15,13,false,false,false
pc-a88d0ec8-527,forschung_muskelkraft__mit_pc,control,0,8,4,10,12,26,12,14,true,false,false
pc-f9aaa3f6-528,forschung_muskelkraft__mit_pc,control,0,6,5,15,18,38,24,14,true,false,false
pc-805d5339-529,forschung_muskelkraft__mit_pc,control,0,7,1,5,6,12,5,7,true,false,false
pc-070fe27c-530,solidaritaet_ueberleben__mit_pc,control,1,6,2,9,10,21,10,11,false,false,false
pc-070fe27c-530,forschung_muskelkraft__mit_pc,control,0,11,3,13,14,30,15,15,true,false,false
pc-8dc291be-531,solidaritaet_ueberleben__mit_pc,control,1,6,2,7,10,19,10,9,false,false,false
pc-8dc291be-531,forschung_muskelkraft__mit_pc,control,0,14,3,8,12,23,15,8,true,true,true
pc-123ac6d1-533,solidaritaet_ueberleben__mit_pc,control,1,11,5,15,16,36,17,19,false,false,false
pc-123ac6d1-533,forschung_muskelkraft__mit_pc,control,0,12,3,8,7,18,15,3,true,true,true
pc-98ed7613-534,solidaritaet_ueberleben__mit_pc,control,1,6,3,11,13,27,15,12,false,false,false
pc-98ed7613-534,forschung_muskelkraft__mit_pc,control,0,13,4,13,16,33,17,16,true,false,false
pc-1fa00556-535,forschung_muskelkraft__mit_pc,control,0,8,4,12,14,30,12,18,true,true,true
pc-f77049c6-537,solidaritaet_ueberleben__mit_pc,control,1,7,3,15,20,38,15,23,false,false,false
pc-f77049c6-537,forschung_muskelkraft__mit_pc,control,0,12,3,10,11,24,14,10,true,true,true
pc-7e22f909-538,forschung_muskelkraft__mit_pc,control,0,6,4,16,18,38,20,18,true,false,false
pc-7e22f909-538,solidaritaet_ueberleben__mit_pc,control,1,7,5,19,23,47,25,22,false,false,false
pc-04d5884c-539,solidaritaet_ueberleben__mit_pc,control,1,6,3,12,11,26,14,12,false,false,false
pc-55f33d7a-540,forschung_muskelkraft__mit_pc,control,0,8,4,15,19,38,19,19,true,false,false
pc-dca5ccbc-541,solidaritaet_ueberleben__mit_pc,control,1,6,3,11,15,29,15,14,false,false,false
pc-dca5ccbc-541,forschung_muskelkraft__mit_pc,control,0,7,2,6,7,15,10,5,true,true,true
pc-63587bff-542,forschung_muskelkraft__mit_pc,control,0,9,3,11,14,28,14,14,false,false,false
pc-63587bff-542,solidaritaet_ueberleben__mit_pc,control,1,15,5,8,10,23,13,10,false,false,false
pc-ea0b0b41-543,solidaritaet_ueberleben__mit_pc,control,1,6,3,12,14,29,15,14,false,false,false
pc-ea0b0b41-543,forschung_muskelkraft__mit_pc,control,0,8,5,18,21,44,21,23,true,false,false
pc-3b28a070-544,forschung_muskelkraft__mit_pc,control,0,6,4,12,14,30,16,14,true,false,false
pc-c1db4fb2-545,solidaritaet_ueberleben__mit_pc,control,1,6,2,9,10,21,10,11,false,false,false
pc-c1db4fb2-545,forschung_muskelkraft__mit_pc,control,0,6,5,9,11,25,17,8,true,false,false
pc-488dfef5-546,forschung_muskelkraft__mit_pc,control,0,7,2,9,12,23,10,13,true,false,false
pc-488dfef5-546,solidaritaet_ueberleben__mit_pc,control,1,7,2,8,9,19,10,9,false,false,false
pc-cf408e37-547,forschung_muskelkraft__mit_pc,control,0,6,4,17,19,40,20,20,true,false,false
pc-cf408e37-547,solidaritaet_ueberleben__mit_pc,control,1,12,5,12,11,28,13,15,false,false,false
pc-205e2366-548,forschung_muskelkraft__mit_pc,control,0,6,5,14,21,40,23,17,false,false,false
pc-205e2366-548,solidaritaet_ueberleben__mit_pc,control,1,9,5,20,21,46,25,21,true,false,false
pc-a710d2a8-549,forschung_muskelkraft__mit_pc,control,0,6,4,6,7,17,8,9,false,false,false
pc-a710d2a8-549,solidaritaet_ueberleben__mit_pc,control,1,7,4,17,20,41,20,21,true,false,false
pc-6d145fa3-550,forschung_muskelkraft__mit_pc,control,0,7,3,10,13,26,11,15,true,true,true
pc-e661b060-551,solidaritaet_ueberleben__mit_pc,control,1,10,5,5,6,16,9,7,false,false,false
pc-e661b060-551,forschung_muskelkraft__mit_pc,control,0,12,3,7,7,17,14,3,true,false,true
pc-7a799e28-552,solidaritaet_ueberleben__mit_pc,control,1,6,2,10,11,23,10,13,true,false,false
pc-7a799e28-552,forschung_muskelkraft__mit_pc,control,0,7,5,18,16,39,23,16,false,false,false
pc-f3c6eee5-553,solidaritaet_ueberleben__mit_pc,control,1,6,4,16,18,38,20,18,false,false,false
pc-f3c6eee5-553,forschung_muskelkraft__mit_pc,control,0,7,3,8,10,21,11,10,true,false,false
pc-87dedcad-554,solidaritaet_ueberleben__mit_pc,control,1,7,3,11,17,31,15,16,true,false,false
pc-87dedcad-554,forschung_muskelkraft__mit_pc,control,0,9,4,9,9,22,15,7,false,false,false
pc-012c2d6b-555,forschung_muskelkraft__mit_pc,control,0,7,3,17,21,41,15,26,true,false,false
pc-012c2d6b-555,solidaritaet_ueberleben__mit_pc,control,1,12,5,16,18,39,17,22,false,false,false
pc-95441b32-556,forschung_muskelkraft__mit_pc,control,0,6,3,9,12,24,14,10,true,false,false
pc-95441b32-556,solidaritaet_ueberleben__mit_pc,control,1,11,4,23,22,49,20,29,false,false,false
pc-0e916bf0-557,solidaritaet_ueberleben__mit_pc,control,1,6,5,21,25,51,25,26,true,false,false
pc-377f458f-558,solidaritaet_ueberleben__mit_pc,control,1,7,3,12,17,32,15,17,true,false,false
pc-377f458f-558,forschung_muskelkraft__mit_pc,control,0,9,2,9,12,23,10,13,false,false,false
pc-be31f4d1-561,solidaritaet_ueberleben__mit_pc,control,1,6,3,12,16,31,15,16,false,false,false
pc-be31f4d1-561,forschung_muskelkraft__mit_pc,control,0,7,5,18,18,41,25,16,true,false,false
pc-5249c299-562,forschung_muskelkraft__mit_pc,control,0,9,4,15,16,35,19,16,true,true,true
pc-cb973356-563,solidaritaet_ueberleben__mit_pc,control,1,6,4,14,17,35,20,15,false,false,false
pc-cb973356-563,forschung_muskelkraft__mit_pc,control,0,11,4,8,7,19,10,9,true,false,true
pc-5faf011e-564,forschung_muskelkraft__mit_pc,control,0,9,5,13,15,33,24,9,true,false,false
pc-5faf011e-564,solidaritaet_ueberleben__mit_pc,control,1,13,4,22,20,46,20,26,false,false,false
pc-d8fc71db-565,forschung_muskelkraft__mit_pc,control,0,8,3,12,14,29,11,18,false,false,false
pc-d8fc71db-565,solidaritaet_ueberleben__mit_pc,control,1,8,5,19,26,50,25,25,true,true,true
pc-01ea4b7b-566,forschung_muskelkraft__mit_pc,control,0,7,4,7,10,21,12,9,false,false,false
pc-7b37bc38-567,solidaritaet_ueberleben__mit_pc,control,1,6,5,22,22,49,25,24,true,false,false
pc-0f4f8a00-568,solidaritaet_ueberleben__mit_pc,control,1,6,3,14,16,33,15,18,false,false,false
pc-0f4f8a00-568,forschung_muskelkraft__mit_pc,control,0,7,3,12,14,29,15,14,true,false,false
pc-1cb4c885-570,solidaritaet_ueberleben__mit_pc,control,1,6,4,17,20,41,20,21,false,false,false
pc-1cb4c885-570,forschung_muskelkraft__mit_pc,control,0,13,3,5,9,17,13,4,true,false,false
pc-96023942-571,solidaritaet_ueberleben__mit_pc,control,1,9,4,18,13,35,18,17,false,false,false
pc-96023942-571,forschung_muskelkraft__mit_pc,control,0,11,4,9,8,21,16,5,true,false,false
pc-2a1a070a-572,solidaritaet_ueberleben__mit_pc,control,1,7,4,18,26,48,20,28,true,false,false
pc-2a1a070a-572,forschung_muskelkraft__mit_pc,control,0,9,3,10,11,24,12,12,false,false,false
pc-a36777c7-573,forschung_muskelkraft__mit_pc,control,0,7,5,10,13,28,13,15,true,true,true
pc-45a2a224-575,forschung_muskelkraft__mit_pc,control,0,8,3,11,11,25,12,13,true,false,false
pc-d9ba8feb-576,forschung_muskelkraft__mit_pc,control,0,7,4,13,15,32,16,16,true,false,false
pc-d9ba8feb-576,solidaritaet_ueberleben__mit_pc,control,1,11,3,15,16,34,15,19,false,false,false
pc-5307e0a9-577,solidaritaet_ueberleben__mit_pc,control,1,6,3,12,17,32,15,17,true,false,false
pc-5307e0a9-577,forschung_muskelkraft__mit_pc,control,0,7,5,15,18,38,24,14,false,false,false
pc-606d3f2e-579,forschung_muskelkraft__mit_pc,control,0,6,4,13,16,33,20,13,false,false,false
pc-606d3f2e-579,solidaritaet_ueberleben__mit_pc,control,1,6,3,11,14,28,15,13,true,false,false
pc-f4850cf5-580,solidaritaet_ueberleben__mit_pc,control,1,6,3,14,16,33,15,18,true,false,false
pc-f4850cf5-580,forschung_muskelkraft__mit_pc,control,0,7,5,8,8,21,13,8,false,false,false
pc-6dd27db3-581,forschung_muskelkraft__mit_pc,control,0,7,4,12,13,29,17,12,false,false,false
pc-436847f4-582,forschung_muskelkraft__mit_pc,control,0,6,3,10,15,28,15,13,false,false,false
pc-436847f4-582,solidaritaet_ueberleben__mit_pc,control,1,6,4,14,17,35,20,15,true,false,false
pc-bcb5b8b1-583,forschung_muskelkraft__mit_pc,control,0,7,4,14,19,37,20,17,true,false,false
pc-50cd8679-584,forschung_muskelkraft__mit_pc,control,0,7,4,7,9,20,8,12,true,true,true
pc-ca1af736-585,solidaritaet_ueberleben__mit_pc,control,1,6,3,12,15,30,15,15,true,false,false
pc-ca1af736-585,forschung_muskelkraft__mit_pc,control,0,9,5,20,23,48,24,24,false,false,false
pc-5e32c4fe-586,solidaritaet_ueberleben__mit_pc,control,1,7,4,15,22,41,20,21,false,false,false
pc-5e32c4fe-586,forschung_muskelkraft__mit_pc,control,0,7,3,8,9,20,11,9,true,false,false
pc-d78035bb-587,solidaritaet_ueberleben__mit_pc,control,1,6,3,11,15,29,15,14,true,false,false
pc-d78035bb-587,forschung_muskelkraft__mit_pc,control,0,10,4,11,10,25,17,8,false,false,false
pc-6b980383-588,solidaritaet_ueberleben__mit_pc,control,1,6,3,10,14,27,15,12,false,false,false
pc-6b980383-588,forschung_muskelkraft__mit_pc,control,0,7,4,14,14,32,17,15,true,false,false
pc-e4e57440-589,forschung_muskelkraft__mit_pc,control,0,14,4,13,17,34,19,15,true,false,true
pc-e4e57440-589,solidaritaet_ueberleben__mit_pc,control,1,16,4,21,25,50,20,30,false,false,false
pc-0dd34de0-590,solidaritaet_ueberleben__mit_pc,control,1,6,2,10,12,24,10,14,false,false,false
pc-0dd34de0-590,forschung_muskelkraft__mit_pc,control,0,8,5,16,20,41,25,16,true,false,false
pc-1b388c65-592,solidaritaet_ueberleben__mit_pc,control,1,6,5,19,20,44,24,20,true,false,true
pc-9485fd22-593,solidaritaet_ueberleben__mit_pc,control,1,6,4,15,18,37,20,17,false,false,false
pc-9485fd22-593,forschung_muskelkraft__mit_pc,control,0,9,5,18,21,44,25,19,true,false,false
pc-3603096f-596,forschung_muskelkraft__mit_pc,control,0,9,4,10,9,23,14,9,true,true,true
pc-d83e53cb-598,solidaritaet_ueberleben__mit_pc,control,1,6,4,15,20,39,20,19,false,false,false
pc-d83e53cb-598,forschung_muskelkraft__mit_pc,control,0,8,4,15,15,34,18,16,true,false,false
pc-518ba489-599,solidaritaet_ueberleben__mit_pc,control,1,6,3,13,14,30,15,15,false,false,false
pc-518ba489-599,forschung_muskelkraft__mit_pc,control,0,7,4,17,19,40,20,20,false,false,false
pc-92ff1a6f-602,forschung_muskelkraft__mit_pc,control,0,8,5,5,4,14,10,4,false,false,false
pc-78349d65-606,forschung_muskelkraft__mit_pc,control,0,8,5,15,22,42,23,19,true,false,false
pc-f181ee22-607,forschung_muskelkraft__mit_pc,control,0,6,4,10,14,28,12,16,true,false,false
pc-bb2ed5fe-608,forschung_muskelkraft__mit_pc,control,0,6,5,14,16,35,24,11,true,false,true
pc-347c26bc-609,forschung_muskelkraft__mit_pc,control,0,11,5,16,20,41,23,18,false,false,false
pc-a06458f4-612,forschung_muskelkraft__mit_pc,control,0,11,5,5,7,17,12,5,false,false,false
pc-19b1a9b2-613,forschung_muskelkraft__mit_pc,control,0,14,4,15,20,39,20,19,true,true,true
pc-2716e837-615,forschung_muskelkraft__mit_pc,control,0,6,4,15,18,37,20,17,false,false,false
pc-1a6fc7c2-616,forschung_muskelkraft__mit_pc,control,0,6,3,12,13,28,15,13,false,false,false
pc-93bd387f-617,forschung_muskelkraft__mit_pc,control,0,6,4,17,22,43,20,23,false,false,false
pc-27d50647-618,forschung_muskelkraft__mit_pc,control,0,6,3,6,7,16,7,9,false,false,false
pc-a1227704-619,forschung_muskelkraft__mit_pc,control,0,8,5,14,23,42,25,17,false,false,false
pc-ffa54ab7-620,forschung_muskelkraft__mit_pc,control,0,11,3,10,10,23,15,8,true,true,true
pc-78f2bb75-621,forschung_muskelkraft__mit_pc,control,0,6,4,4,6,14,8,6,true,false,false
pc-0d0a893d-622,forschung_muskelkraft__mit_pc,control,0,6,2,7,8,17,10,7,true,false,false
pc-8657f9fa-623,forschung_muskelkraft__mit_pc,control,0,6,5,10,13,28,13,15,false,false,false
pc-5004c1d6-624,forschung_muskelkraft__mit_pc,control,0,6,4,16,16,36,20,16,true,false,false
pc-c9523293-625,forschung_muskelkraft__mit_pc,control,0,6,5,6,8,19,9,10,false,false,false
pc-353a44cc-628,forschung_muskelkraft__mit_pc,control,0,8,4,10,16,30,19,11,true,false,false
pc-ae87b589-629,forschung_muskelkraft__mit_pc,control,0,6,5,16,18,39,21,18,true,false,false
pc-429f8351-630,forschung_muskelkraft__mit_pc,control,0,6,5,14,21,40,23,17,false,false,false
pc-bbecf40e-631,forschung_muskelkraft__mit_pc,control,0,6,4,7,12,23,12,11,true,false,false
pc-5bedc43b-632,forschung_muskelkraft__mit_pc,control,0,10,4,11,15,30,19,11,true,true,true
pc-d53b34f8-633,forschung_muskelkraft__mit_pc,control,0,6,4,11,11,26,13,13,false,false,false
pc-695302c0-634,forschung_muskelkraft__mit_pc,control,0,10,5,19,20,44,19,25,true,false,false
pc-e2a0737d-635,forschung_muskelkraft__mit_pc,control,0,6,3,6,7,16,7,9,true,true,true
pc-41234731-636,forschung_muskelkraft__mit_pc,control,0,6,4,11,11,26,13,13,true,false,false
pc-ba70b7ee-637,forschung_muskelkraft__mit_pc,control,0,6,4,8,10,22,12,10,true,false,false
pc-c7d5f673-639,forschung_muskelkraft__mit_pc,control,0,6,3,12,14,29,14,15,true,false,false
pc-9182de4f-640,forschung_muskelkraft__mit_pc,control,0,11,4,15,20,39,20,19,true,true,true
pc-0ad02f0d-641,forschung_muskelkraft__mit_pc,control,0,6,5,22,22,49,24,25,false,false,false
pc-9ee81cd4-642,forschung_muskelkraft__mit_pc,control,0,6,4,16,17,37,20,17,false,false,false
pc-18356d92-643,forschung_muskelkraft__mit_pc,control,0,6,5,12,14,31,16,15,true,false,false
pc-76b84145-644,forschung_muskelkraft__mit_pc,control,0,6,4,11,11,26,19,7,false,false,false
pc-f0c3d012-648,forschung_muskelkraft__mit_pc,control,0,8,2,5,7,14,9,5,false,false,false
pc-6a1120d0-649,forschung_muskelkraft__mit_pc,control,0,6,4,17,20,41,20,21,true,false,false
pc-3d79ec50-650,forschung_muskelkraft__mit_pc,control,0,8,5,13,14,32,20,12,true,true,true
pc-3014adcb-652,forschung_muskelkraft__mit_pc,control,0,11,5,13,10,28,20,8,true,true,true
pc-5844695a-654,forschung_muskelkraft__mit_pc,control,0,7,4,5,8,17,11,6,true,false,false
pc-4adf2ad5-656,forschung_muskelkraft__mit_pc,control,0,7,4,17,18,39,20,19,false,false,false
pc-730ee664-658,forschung_muskelkraft__mit_pc,control,0,11,2,5,10,17,10,7,true,false,false
pc-f9c195a6-659,forschung_muskelkraft__mit_pc,control,0,7,3,9,11,23,11,12,true,false,false
pc-8dd9636e-662,forschung_muskelkraft__mit_pc,control,0,6,3,9,12,24,14,10,true,false,false
pc-148c12b1-663,forschung_muskelkraft__mit_pc,control,0,10,4,10,13,27,15,12,true,false,true
pc-807424e9-664,forschung_muskelkraft__mit_pc,control,0,7,5,14,18,37,20,17,false,false,false
pc-0726d42c-665,forschung_muskelkraft__mit_pc,control,0,6,4,11,14,29,18,11,true,false,false
pc-5902876a-667,forschung_muskelkraft__mit_pc,control,0,7,4,11,11,26,13,13,true,false,false
pc-c4eab9a2-668,forschung_muskelkraft__mit_pc,control,0,7,3,15,18,36,15,21,true,false,false
pc-4b9d48e5-669,forschung_muskelkraft__mit_pc,control,0,7,4,13,13,30,18,12,true,false,true
pc-07e4f23c-674,forschung_muskelkraft__mit_pc,control,0,7,3,13,17,33,14,19,true,false,false
pc-8e97817e-675,forschung_muskelkraft__mit_pc,control,0,9,3,9,12,24,14,10,true,false,false
pc-813242f9-677,forschung_muskelkraft__mit_pc,control,0,7,5,12,15,32,13,19,true,false,false
pc-a9621e88-679,forschung_muskelkraft__mit_pc,control,0,7,3,9,9,21,11,10,true,false,false
pc-154a30c1-680,forschung_muskelkraft__mit_pc,control,0,7,4,15,15,34,20,14,true,true,true
pc-9a8083e3-683,forschung_muskelkraft__mit_pc,control,0,11,5,12,15,32,17,15,true,false,false
pc-2e9871ab-686,forschung_muskelkraft__mit_pc,control,0,12,3,6,7,16,11,5,true,false,false
pc-21333326-688,forschung_muskelkraft__mit_pc,control,0,7,4,11,10,25,16,9,true,false,true
pc-4962eeb5-690,forschung_muskelkraft__mit_pc,control,0,8,4,16,19,39,19,20,true,false,false
pc-d0159df7-691,forschung_muskelkraft__mit_pc,control,0,7,3,15,18,36,15,21,true,true,true
pc-3bfdb030-692,forschung_muskelkraft__mit_pc,control,0,9,5,9,11,25,17,8,true,true,true
pc-c2b05f72-693,forschung_muskelkraft__mit_pc,control,0,10,5,8,10,23,17,6,false,false,false
pc-642d6bbf-694,forschung_muskelkraft__mit_pc,control,0,7,3,15,18,36,15,21,true,true,true
pc-56c82d3a-696,forschung_muskelkraft__mit_pc,control,0,11,5,14,23,42,25,17,true,false,false
pc-dd7adc7c-697,forschung_muskelkraft__mit_pc,control,0,7,4,18,21,43,20,23,true,false,false
pc-a8a3e078-698,forschung_muskelkraft__mit_pc,control,0,8,2,7,6,15,8,7,true,false,true
pc-2f568fbb-699,forschung_muskelkraft__mit_pc,control,0,7,4,15,13,32,18,14,true,false,false
pc-2812e717-700,solidaritaet_ueberleben__mit_pc,control,1,7,3,15,16,34,15,19,false,false,false
pc-42dd6421-704,solidaritaet_ueberleben__mit_pc,control,1,6,3,11,14,28,15,13,true,false,true
pc-c9901363-705,solidaritaet_ueberleben__mit_pc,control,1,6,3,12,17,32,15,17,false,false,false
pc-3578259c-706,solidaritaet_ueberleben__mit_pc,control,1,7,3,12,18,33,15,18,true,true,true
pc-bc2ad4de-707,solidaritaet_ueberleben__mit_pc,control,1,9,4,17,19,40,19,21,false,false,false
pc-f27ded02-708,solidaritaet_ueberleben__mit_pc,control,1,10,5,30,32,67,25,42,true,false,true
pc-6bcb5dc0-711,solidaritaet_ueberleben__mit_pc,control,1,7,3,12,13,28,14,14,true,false,false
pc-0d486a0d-712,solidaritaet_ueberleben__mit_pc,control,1,6,3,11,14,28,15,13,false,false,false
pc-93fb194f-713,solidaritaet_ueberleben__mit_pc,control,1,7,3,15,18,36,15,21,false,false,false
pc-ffe32b87-714,solidaritaet_ueberleben__mit_pc,control,1,6,2,8,8,18,10,8,false,false,false
pc-d7b36ff8-720,solidaritaet_ueberleben__mit_pc,control,1,13,5,0,0,5,5,0,false,false,false
pc-ca4e3173-722,solidaritaet_ueberleben__mit_pc,control,1,7,5,22,27,54,25,29,true,true,true
pc-0e06881d-725,solidaritaet_ueberleben__mit_pc,control,1,7,4,18,22,44,20,24,true,true,true
pc-79eeba55-726,solidaritaet_ueberleben__mit_pc,control,1,8,5,20,20,45,24,21,true,false,false
pc-94b9375f-730,solidaritaet_ueberleben__mit_pc,control,1,6,3,12,12,27,15,12,true,false,false
pc-51befec6-732,solidaritaet_ueberleben__mit_pc,control,1,10,4,0,0,4,4,0,false,false,false
pc-4459a041-734,solidaritaet_ueberleben__mit_pc,control,1,8,4,19,19,42,19,23,true,false,false
pc-cb0c4f83-735,solidaritaet_ueberleben__mit_pc,control,1,6,3,11,12,26,14,12,true,false,false
pc-f33c0b12-737,solidaritaet_ueberleben__mit_pc,control,1,7,4,20,27,51,20,31,false,false,false
pc-1c29e4b2-740,solidaritaet_ueberleben__mit_pc,control,1,14,2,13,12,27,10,17,true,false,true
pc-a2dc93f4-741,solidaritaet_ueberleben__mit_pc,control,1,7,3,13,16,32,15,17,false,false,false
pc-0ec4a62d-742,solidaritaet_ueberleben__mit_pc,control,1,6,3,12,10,25,15,10,false,false,false
pc-9577556f-743,solidaritaet_ueberleben__mit_pc,control,1,6,3,11,13,27,15,12,false,false,false
pc-36f461bc-744,solidaritaet_ueberleben__mit_pc,control,1,7,4,20,23,47,20,27,true,false,true
pc-bda710fe-745,solidaritaet_ueberleben__mit_pc,control,1,8,4,20,21,45,20,25,true,false,false
pc-7d981536-752,solidaritaet_ueberleben__mit_pc,control,1,7,2,9,7,18,9,9,true,false,false
pc-f6e565f3-753,solidaritaet_ueberleben__mit_pc,control,1,8,5,25,31,61,25,36,true,false,false
pc-556859a7-754,solidaritaet_ueberleben__mit_pc,control,1,9,4,23,21,48,20,28,true,false,false
pc-ceb5aa64-755,solidaritaet_ueberleben__mit_pc,control,1,7,5,0,0,5,5,0,true,true,true
pc-dc1ae8e9-757,solidaritaet_ueberleben__mit_pc,control,1,6,5,23,22,50,25,25,false,false,false
pc-3a9ddc9d-758,solidaritaet_ueberleben__mit_pc,control,1,6,4,16,20,40,20,20,true,false,true
pc-b3eb2d5a-759,solidaritaet_ueberleben__mit_pc,control,1,14,5,15,14,34,21,13,false,false,false
pc-c1506bdf-761,solidaritaet_ueberleben__mit_pc,control,1,8,5,24,29,58,25,33,false,false,false
pc-9920b050-763,solidaritaet_ueberleben__mit_pc,control,1,8,5,18,20,43,23,20,false,false,false
pc-2d389e18-764,solidaritaet_ueberleben__mit_pc,control,1,12,5,7,8,20,13,7,false,false,false
pc-a685eed5-765,solidaritaet_ueberleben__mit_pc,control,1,6,4,17,21,42,20,22,false,false,false
pc-0508c289-766,solidaritaet_ueberleben__mit_pc,control,1,6,2,8,10,20,10,10,true,false,false
pc-7e563346-767,solidaritaet_ueberleben__mit_pc,control,1,12,2,11,12,25,10,15,false,false,false
pc-126e010e-768,solidaritaet_ueberleben__mit_pc,control,1,6,4,18,20,42,20,22,true,false,false
pc-8bbb71cb-769,solidaritaet_ueberleben__mit_pc,control,1,6,4,14,17,35,19,16,true,false,false
pc-ea3e457e-770,solidaritaet_ueberleben__mit_pc,control,1,6,3,13,16,32,15,17,true,false,false
pc-cf73c874-774,solidaritaet_ueberleben__mit_pc,control,1,6,4,17,21,42,20,22,false,false,false
pc-b4a94b6a-778,solidaritaet_ueberleben__mit_pc,control,1,6,5,22,24,51,25,26,true,false,true
pc-c20e89ef-780,solidaritaet_ueberleben__mit_pc,control,1,6,4,16,20,40,20,20,true,false,false
pc-3b5bfaad-781,solidaritaet_ueberleben__mit_pc,control,1,8,5,24,31,60,25,35,true,false,false
pc-99dece60-782,solidaritaet_ueberleben__mit_pc,control,1,8,3,14,20,37,15,22,true,false,false
pc-132c3f1e-783,solidaritaet_ueberleben__mit_pc,control,1,14,5,18,22,45,21,24,true,false,true
pc-a7440ce5-784,solidaritaet_ueberleben__mit_pc,control,1,6,4,17,20,41,20,21,false,false,false
pc-20917da3-785,solidaritaet_ueberleben__mit_pc,control,1,6,4,17,22,43,20,23,true,false,false
pc-7f145156-786,solidaritaet_ueberleben__mit_pc,control,1,8,5,6,6,17,9,8,true,false,false
pc-8c798fdb-788,solidaritaet_ueberleben__mit_pc,control,1,10,5,24,24,53,25,28,false,false,false
pc-6449d44c-790,solidaritaet_ueberleben__mit_pc,control,1,6,4,17,22,43,20,23,true,false,false
pc-dd972509-791,solidaritaet_ueberleben__mit_pc,control,1,7,3,12,17,32,15,17,false,false,false
pc-71af12d1-792,solidaritaet_ueberleben__mit_pc,control,1,11,4,12,20,36,16,20,true,true,true
pc-eafc638e-793,solidaritaet_ueberleben__mit_pc,control,1,13,4,20,22,46,20,26,false,false,false
pc-c2cca7ff-795,solidaritaet_ueberleben__mit_pc,control,1,8,3,13,12,28,13,15,true,false,true
pc-56e495c7-796,solidaritaet_ueberleben__mit_pc,control,1,8,5,24,25,54,25,29,true,false,false
pc-d031e684-797,solidaritaet_ueberleben__mit_pc,control,1,6,2,8,10,20,10,10,false,false,false
pc-2eb4da38-798,solidaritaet_ueberleben__mit_pc,control,1,6,3,12,16,31,15,16,false,false,false
pc-a8022af5-799,solidaritaet_ueberleben__mit_pc,control,1,6,3,10,14,27,15,12,true,false,true
pc-03ce598c-903,urzeitliche_kolosse__mit_pc,control,1,6,2,9,10,21,10,11,true,false,false
pc-03ce598c-903,forschung_muskelkraft__mit_pc,control,0,7,2,5,3,10,8,2,false,false,false
pc-a54b65d8-904,forschung_muskelkraft__mit_pc,control,0,8,4,9,10,23,12,11,true,true,true
pc-97e62753-906,urzeitliche_kolosse__mit_pc,control,1,6,3,11,13,27,15,12,false,false,false
pc-97e62753-906,forschung_muskelkraft__mit_pc,control,0,6,2,8,8,18,10,8,true,false,false
pc-1e98d696-907,urzeitliche_kolosse__mit_pc,control,1,6,3,0,0,3,3,0,false,false,false
pc-54ebeeba-908,urzeitliche_kolosse__mit_pc,control,1,6,2,9,9,20,10,10,true,false,false
pc-54ebeeba-908,forschung_muskelkraft__mit_pc,control,0,6,2,8,8,18,10,8,false,false,false
pc-db9e9dfc-909,urzeitliche_kolosse__mit_pc,control,1,6,3,12,18,33,15,18,true,false,true
pc-db9e9dfc-909,forschung_muskelkraft__mit_pc,control,0,6,3,8,8,19,11,8,false,false,false
pc-4786b035-910,urzeitliche_kolosse__mit_pc,control,1,6,2,8,14,24,10,14,false,false,false
pc-ce395f77-911,urzeitliche_kolosse__mit_pc,control,1,6,2,8,10,20,10,10,false,false,false
pc-ce395f77-911,forschung_muskelkraft__mit_pc,control,0,8,4,7,4,15,8,7,true,true,true
pc-f6691b06-913,forschung_muskelkraft__mit_pc,control,0,9,3,4,4,11,7,4,true,false,false
pc-f6691b06-913,urzeitliche_kolosse__mit_pc,control,1,9,5,24,22,51,24,27,false,false,false
pc-f5aafcf6-916,forschung_muskelkraft__mit_pc,control,0,6,2,6,6,14,10,4,false,false,false
pc-7c5d8c39-917,urzeitliche_kolosse__mit_pc,control,1,6,3,11,14,28,15,13,false,false,false
pc-7c5d8c39-917,forschung_muskelkraft__mit_pc,control,0,8,3,8,4,15,10,5,true,true,true
pc-e845be71-918,urzeitliche_kolosse__mit_pc,control,1,6,2,8,8,18,10,8,true,false,false
pc-e845be71-918,forschung_muskelkraft__mit_pc,control,0,6,3,11,11,25,15,10,false,false,false
pc-6ef84db4-919,urzeitliche_kolosse__mit_pc,control,1,6,3,11,14,28,15,13,true,false,false
pc-6ef84db4-919,forschung_muskelkraft__mit_pc,control,0,6,3,10,11,24,15,9,false,false,false
pc-03103b7c-922,forschung_muskelkraft__mit_pc,control,0,6,5,8,8,21,13,8,true,false,false
pc-03103b7c-922,urzeitliche_kolosse__mit_pc,control,1,9,5,26,27,58,25,33,false,false,false
pc-c015e2e2-924,urzeitliche_kolosse__mit_pc,control,1,7,5,23,28,56,25,31,false,false,false
pc-c015e2e2-924,forschung_muskelkraft__mit_pc,control,0,11,4,11,12,27,16,11,true,false,false
pc-46c89225-925,forschung_muskelkraft__mit_pc,control,0,6,3,11,12,26,15,11,true,false,false
pc-b2b0a45d-926,forschung_muskelkraft__mit_pc,control,0,8,3,8,11,22,11,11,true,true,true
pc-dae07fec-928,urzeitliche_kolosse__mit_pc,control,1,7,2,10,9,21,10,11,false,false,false
pc-61930f2f-929,forschung_muskelkraft__mit_pc,control,0,6,2,9,9,20,10,10,true,false,false
pc-61930f2f-929,urzeitliche_kolosse__mit_pc,control,1,8,3,10,11,24,14,10,false,false,false
pc-cd7b2167-930,forschung_muskelkraft__mit_pc,control,0,6,3,11,12,26,15,11,true,false,false
pc-b42ce07d-932,forschung_muskelkraft__mit_pc,control,0,8,4,10,9,23,12,11,true,true,true
pc-3adf8fc0-933,forschung_muskelkraft__mit_pc,control,0,6,2,9,9,20,10,10,false,false,false
pc-3adf8fc0-933,urzeitliche_kolosse__mit_pc,control,1,10,4,6,9,19,8,11,true,true,true
pc-a6c7a1f8-934,forschung_muskelkraft__mit_pc,control,0,6,4,13,13,30,16,14,true,false,false
pc-a6c7a1f8-934,urzeitliche_kolosse__mit_pc,control,1,10,4,20,26,50,20,30,false,false,false
pc-cef77d87-936,urzeitliche_kolosse__mit_pc,control,1,7,3,15,17,35,15,20,true,true,true
pc-55aa0cca-937,urzeitliche_kolosse__mit_pc,control,1,7,4,18,23,45,20,25,true,false,false
pc-55aa0cca-937,forschung_muskelkraft__mit_pc,control,0,9,2,11,9,22,10,12,false,false,false
pc-c1923f02-938,urzeitliche_kolosse__mit_pc,control,1,6,1,5,5,11,5,6,true,false,true
pc-7e97e669-940,forschung_muskelkraft__mit_pc,control,0,6,4,8,3,15,13,2,true,true,true
pc-054a95ac-941,forschung_muskelkraft__mit_pc,control,0,6,4,5,5,14,8,6,true,false,true
pc-f7e55726-943,forschung_muskelkraft__mit_pc,control,0,6,3,9,8,20,15,5,true,false,true
pc-8bfd24ee-946,urzeitliche_kolosse__mit_pc,control,1,6,2,9,10,21,10,11,false,false,false
pc-8bfd24ee-946,forschung_muskelkraft__mit_pc,control,0,6,2,8,8,18,10,8,true,false,false
pc-12afd431-947,forschung_muskelkraft__mit_pc,control,0,9,2,11,12,25,10,15,true,false,false
pc-1f56f4a6-948,urzeitliche_kolosse__mit_pc,control,1,6,2,8,10,20,10,10,true,false,false
pc-1f56f4a6-948,forschung_muskelkraft__mit_pc,control,0,6,5,11,11,27,17,10,false,false,false
pc-a60983e8-949,urzeitliche_kolosse__mit_pc,control,1,6,2,8,7,17,9,8,false,false,false
pc-42611934-950,urzeitliche_kolosse__mit_pc,control,1,6,2,10,12,24,10,14,false,false,false
pc-34fbdaaf-952,forschung_muskelkraft__mit_pc,control,0,7,3,9,9,21,13,8,false,false,false
pc-27969c2a-954,urzeitliche_kolosse__mit_pc,control,1,6,3,14,17,34,15,19,false,false,false
pc-27969c2a-954,forschung_muskelkraft__mit_pc,control,0,7,3,12,15,30,15,15,true,false,false
pc-1a315da5-956,forschung_muskelkraft__mit_pc,control,0,7,3,9,13,25,15,10,true,false,false
pc-6a90d4c3-960,urzeitliche_kolosse__mit_pc,control,1,7,3,12,17,32,15,17,true,true,true
pc-e3de2580-961,urzeitliche_kolosse__mit_pc,control,1,6,4,15,21,40,20,20,false,false,false
pc-e3de2580-961,forschung_muskelkraft__mit_pc,control,0,7,3,10,12,25,15,10,true,false,false
pc-d678e6fb-963,forschung_muskelkraft__mit_pc,control,0,6,2,8,9,19,10,9,true,false,true
pc-d678e6fb-963,urzeitliche_kolosse__mit_pc,control,1,6,2,8,9,19,10,9,false,false,false
pc-c913a876-965,urzeitliche_kolosse__mit_pc,control,1,6,4,17,19,40,20,20,false,false,false
pc-ad8b0d5c-966,urzeitliche_kolosse__mit_pc,control,1,6,3,12,18,33,15,18,true,false,true
pc-26d87e1a-967,forschung_muskelkraft__mit_pc,control,0,11,3,8,7,18,11,7,true,true,true
pc-a025ced7-968,urzeitliche_kolosse__mit_pc,control,1,6,3,14,17,34,15,19,false,false,false
pc-a025ced7-968,forschung_muskelkraft__mit_pc,control,0,9,3,17,15,35,15,20,true,false,false
pc-19733f95-969,urzeitliche_kolosse__mit_pc,control,1,6,4,6,7,17,8,9,true,false,true
pc-19733f95-969,forschung_muskelkraft__mit_pc,control,0,7,4,12,12,28,16,12,false,false,false
pc-92c09052-970,forschung_muskelkraft__mit_pc,control,0,7,3,4,7,14,7,7,false,false,false
pc-92c09052-970,urzeitliche_kolosse__mit_pc,control,1,8,5,5,6,16,9,7,true,false,true
pc-0c0de110-971,forschung_muskelkraft__mit_pc,control,0,8,2,4,4,10,6,4,true,true,true
pc-e3200770-974,forschung_muskelkraft__mit_pc,control,0,7,5,9,9,23,15,8,false,false,false
pc-d5bac8eb-976,forschung_muskelkraft__mit_pc,control,0,6,2,7,7,16,10,6,false,false,false
pc-c8558a66-978,urzeitliche_kolosse__mit_pc,control,1,6,4,16,16,36,20,16,true,false,false
pc-c8558a66-978,forschung_muskelkraft__mit_pc,control,0,7,4,12,15,31,16,15,false,false,false
pc-41a2fb24-979,forschung_muskelkraft__mit_pc,control,0,7,3,4,7,14,7,7,false,false,false
pc-6c0d10e3-982,urzeitliche_kolosse__mit_pc,control,1,6,4,16,18,38,19,19,true,false,false
pc-6c0d10e3-982,forschung_muskelkraft__mit_pc,control,0,7,3,7,10,20,11,9,false,false,false
pc-e55a61a0-983,urzeitliche_kolosse__mit_pc,control,1,11,4,9,7,20,8,12,false,false,false
pc-e55a61a0-983,forschung_muskelkraft__mit_pc,control,0,13,3,10,11,24,15,9,true,true,true
pc-514293d9-986,forschung_muskelkraft__mit_pc,control,0,6,4,7,8,19,12,7,false,false,false
pc-ca8fe496-987,forschung_muskelkraft__mit_pc,control,0,9,2,11,7,20,10,10,true,true,true
pc-a1a20af7-990,urzeitliche_kolosse__mit_pc,control,1,6,4,16,19,39,20,19,true,false,true
pc-1aef7bb5-991,urzeitliche_kolosse__mit_pc,control,1,6,3,13,17,33,15,18,true,false,false
pc-0d8a3d30-993,forschung_muskelkraft__mit_pc,control,0,7,4,9,9,22,12,10,true,true,true
pc-0024feab-995,urzeitliche_kolosse__mit_pc,control,1,6,3,12,14,29,15,14,false,false,false
pc-79724f68-996,urzeitliche_kolosse__mit_pc,control,1,6,4,14,18,36,20,16,true,false,false
pc-79724f68-996,forschung_muskelkraft__mit_pc,control,0,7,3,8,8,19,11,8,false,false,false
pc-f2bfa025-997,forschung_muskelkraft__mit_pc,control,0,10,4,15,8,27,19,8,true,false,true
pc-f2bfa025-997,urzeitliche_kolosse__mit_pc,control,1,10,2,9,9,20,10,10,false,false,false
pc-99795523-1001,forschung_muskelkraft__mit_pc,control,0,9,4,13,10,27,16,11,false,false,false
pc-202be466-1002,forschung_muskelkraft__mit_pc,control,0,6,3,6,6,15,11,4,false,false,false
pc-3af66170-1006,forschung_muskelkraft__mit_pc,control,0,8,2,11,12,25,10,15,true,false,false
pc-485bbff5-1008,forschung_muskelkraft__mit_pc,control,0,6,4,14,13,31,20,11,false,false,false
pc-cf0e4f37-1009,forschung_muskelkraft__mit_pc,control,0,6,2,8,8,18,10,8,true,false,true
pc-708b7b84-1014,forschung_muskelkraft__mit_pc,control,0,6,2,10,9,21,10,11,false,false,false
pc-f73e0ac6-1015,forschung_muskelkraft__mit_pc,control,0,8,4,15,17,36,16,20,true,false,false
pc-04a3494c-1017,forschung_muskelkraft__mit_pc,control,0,6,2,9,9,20,10,10,true,false,false
pc-8b55f88e-1018,forschung_muskelkraft__mit_pc,control,0,6,2,9,9,20,10,10,false,false,false
pc-98bb3713-1020,forschung_muskelkraft__mit_pc,control,0,8,2,9,8,19,10,9,true,false,false
pc-1f6dc656-1021,forschung_muskelkraft__mit_pc,control,0,6,3,10,12,25,15,10,false,false,false
pc-a6207598-1022,forschung_muskelkraft__mit_pc,control,0,9,5,17,15,37,24,13,true,false,true
pc-b385b41d-1024,forschung_muskelkraft__mit_pc,control,0,10,3,12,10,25,15,10,true,true,true
pc-479d81e5-1027,forschung_muskelkraft__mit_pc,control,0,6,2,8,9,19,10,9,true,false,true
pc-c3254cd2-1033,forschung_muskelkraft__mit_pc,control,0,9,3,15,17,35,15,20,true,false,false
pc-49d7fc15-1034,forschung_muskelkraft__mit_pc,control,0,6,3,11,12,26,15,11,true,true,true
pc-1384c3f1-1045,forschung_muskelkraft__mit_pc,control,0,10,5,16,14,35,21,14,true,false,true
pc-20ea0276-1047,forschung_muskelkraft__mit_pc,control,0,14,3,10,10,23,15,8,false,false,false
pc-c6cea7b3-1053,forschung_muskelkraft__mit_pc,control,0,7,2,7,8,17,9,8,true,true,true
pc-eefe6342-1055,forschung_muskelkraft__mit_pc,control,0,7,3,13,16,32,15,17,true,false,false
pc-907b8f8f-1058,forschung_muskelkraft__mit_pc,control,0,8,5,12,11,28,17,11,true,false,true
pc-09c8e04d-1059,forschung_muskelkraft__mit_pc,control,0,9,3,16,17,36,15,21,false,false,false
pc-24937d57-1063,forschung_muskelkraft__mit_pc,control,0,9,2,5,6,13,10,3,true,true,true
pc-c61089a3-1066,forschung_muskelkraft__mit_pc,control,0,6,5,7,8,20,13,7,false,false,false
pc-b8ab4b1e-1068,forschung_muskelkraft__mit_pc,control,0,10,3,10,7,20,13,7,true,true,true
pc-4cc338e6-1073,forschung_muskelkraft__mit_pc,control,0,9,3,11,8,22,11,11,true,true,true
pc-74f2f475-1075,forschung_muskelkraft__mit_pc,control,0,10,2,8,7,17,10,7,true,true,true
pc-ee404532-1076,forschung_muskelkraft__mit_pc,control,0,7,3,12,8,23,14,9,true,true,true
pc-167000c2-1078,forschung_muskelkraft__mit_pc,control,0,7,3,9,12,24,11,13,false,false,false
pc-8fbd717f-1079,forschung_muskelkraft__mit_pc,control,0,7,3,10,12,25,15,10,false,false,false
pc-825832fa-1081,forschung_muskelkraft__mit_pc,control,0,8,2,8,11,21,10,11,true,true,true
pc-fddffde7-1083,forschung_muskelkraft__mit_pc,control,0,6,1,4,4,9,5,4,true,true,true
pc-ba27873e-1090,forschung_muskelkraft__mit_pc,control,0,8,2,7,11,20,10,10,true,true,true
pc-3374f7fc-1091,forschung_muskelkraft__mit_pc,control,0,9,2,9,8,19,10,9,true,true,true
pc-4e3f7506-1095,forschung_muskelkraft__mit_pc,control,0,6,1,5,5,11,5,6,true,false,false
pc-40da3681-1097,forschung_muskelkraft__mit_pc,control,0,8,2,7,11,20,10,10,true,false,false
pc-efbc8152-1098,forschung_muskelkraft__mit_pc,control,0,7,2,4,7,13,6,7,true,false,false
pc-6909f210-1099,forschung_muskelkraft__mit_pc,control,0,6,2,6,6,14,10,4,true,false,true
pc-54d8772a-1104,urzeitliche_kolosse__mit_pc,control,1,10,2,8,10,20,10,10,true,true,true
pc-db8b066c-1105,urzeitliche_kolosse__mit_pc,control,1,6,2,7,8,17,10,7,true,false,false
pc-477338a5-1106,urzeitliche_kolosse__mit_pc,control,1,6,3,12,15,30,15,15,true,false,false
pc-f6558376-1109,urzeitliche_kolosse__mit_pc,control,1,6,2,6,7,15,10,5,true,false,false
pc-623db5af-1110,urzeitliche_kolosse__mit_pc,control,1,6,2,8,11,21,10,11,true,true,true
pc-cee3e5f7-1116,urzeitliche_kolosse__mit_pc,control,1,6,1,3,4,8,5,3,true,false,true
pc-11de3e91-1130,urzeitliche_kolosse__mit_pc,control,1,8,4,15,20,39,19,20,true,false,true
pc-9890cdd3-1131,urzeitliche_kolosse__mit_pc,control,1,6,1,5,5,11,5,6,true,false,false
pc-7e846ed9-1136,urzeitliche_kolosse__mit_pc,control,1,8,4,20,21,45,20,25,true,true,true
pc-f7d1df96-1139,urzeitliche_kolosse__mit_pc,control,1,9,4,5,5,14,8,6,true,true,true
pc-994eebe3-1140,urzeitliche_kolosse__mit_pc,control,1,6,4,14,14,32,20,12,true,false,false
pc-129c5ca1-1143,urzeitliche_kolosse__mit_pc,control,1,6,2,8,10,20,10,10,true,false,false
pc-f88ffda6-1148,urzeitliche_kolosse__mit_pc,control,1,6,3,13,15,31,15,16,false,false,false
pc-7f428ce9-1149,urzeitliche_kolosse__mit_pc,control,1,6,1,5,6,12,5,7,true,false,true
pc-e3931915-1153,urzeitliche_kolosse__mit_pc,control,1,6,2,10,11,23,10,13,false,false,false
pc-85102562-1158,urzeitliche_kolosse__mit_pc,control,1,6,2,10,12,24,10,14,true,false,false
pc-0bc2d4a5-1159,urzeitliche_kolosse__mit_pc,control,1,6,3,13,16,32,15,17,false,false,false
pc-927563e7-1160,urzeitliche_kolosse__mit_pc,control,1,6,4,17,19,40,20,20,false,false,false
pc-1928132a-1161,urzeitliche_kolosse__mit_pc,control,1,6,3,14,16,33,15,18,false,false,false
pc-fe5d961f-1165,urzeitliche_kolosse__mit_pc,control,1,6,3,13,17,33,15,18,false,false,false
pc-e4513725-1166,urzeitliche_kolosse__mit_pc,control,1,6,3,14,16,33,15,18,false,false,false
pc-6b03c668-1167,urzeitliche_kolosse__mit_pc,control,1,6,3,11,12,26,15,11,false,false,false
pc-f1b675aa-1168,urzeitliche_kolosse__mit_pc,control,1,6,4,17,18,39,20,19,false,false,false
pc-786904ed-1169,urzeitliche_kolosse__mit_pc,control,1,6,4,17,18,39,20,19,false,false,false
pc-5039495e-1171,urzeitliche_kolosse__mit_pc,control,1,10,4,6,7,17,8,9,false,false,false
pc-19e6313a-1174,urzeitliche_kolosse__mit_pc,control,1,6,4,15,16,35,19,16,true,true,true
pc-a098c07c-1175,urzeitliche_kolosse__mit_pc,control,1,6,4,17,22,43,20,23,false,false,false
pc-85ce4372-1179,urzeitliche_kolosse__mit_pc,control,1,6,4,16,19,39,20,19,true,false,false
pc-0c80f2b5-1180,urzeitliche_kolosse__mit_pc,control,1,6,4,17,19,40,20,20,true,false,false
pc-933381f7-1181,urzeitliche_kolosse__mit_pc,control,1,11,3,13,16,32,15,17,false,false,false
pc-5e5ca5f3-1186,urzeitliche_kolosse__mit_pc,control,1,6,3,14,15,32,15,17,true,false,true
pc-e50f5535-1187,urzeitliche_kolosse__mit_pc,control,1,6,3,13,14,30,15,15,true,true,true
pc-f27493ba-1189,urzeitliche_kolosse__mit_pc,control,1,6,3,14,16,33,15,18,true,true,true
pc-aebc3d11-1190,urzeitliche_kolosse__mit_pc,control,1,6,3,14,14,31,15,16,true,true,true
pc-356ecc54-1191,urzeitliche_kolosse__mit_pc,control,1,6,3,12,14,29,15,14,true,false,false
pc-bc217b96-1192,urzeitliche_kolosse__mit_pc,control,1,12,5,20,23,48,21,27,true,true,true
pc-42d40ad9-1193,urzeitliche_kolosse__mit_pc,control,1,6,4,19,18,41,20,21,false,false,false
pc-1aa44f4a-1195,urzeitliche_kolosse__mit_pc,control,1,7,3,15,15,33,15,18,false,false,false
pc-a156fe8c-1196,urzeitliche_kolosse__mit_pc,control,1,6,3,11,13,27,15,12,true,true,true
pc-28098dcf-1197,urzeitliche_kolosse__mit_pc,control,1,6,4,18,20,42,20,22,false,false,false
pc-e99aeb71-1300,rudeljaeger__mit_pc,control,0,6,4,5,5,14,8,6,false,false,false
pc-704d9ab4-1301,rudeljaeger__mit_pc,control,0,6,5,15,16,36,21,15,false,false,false
pc-704d9ab4-1301,solidaritaet_ueberleben__mit_pc,control,1,7,4,10,9,23,16,7,true,false,false
pc-8b1817be-1305,rudeljaeger__mit_pc,control,0,6,4,16,22,42,20,22,true,false,false
pc-8b1817be-1305,solidaritaet_ueberleben__mit_pc,control,1,7,3,12,11,26,15,11,false,false,false
pc-f70029f6-1306,rudeljaeger__mit_pc,control,0,6,5,0,0,5,5,0,true,true,true
pc-7db2d939-1307,solidaritaet_ueberleben__mit_pc,control,1,14,2,6,6,14,10,4,false,false,false
pc-7db2d939-1307,rudeljaeger__mit_pc,control,0,14,5,7,7,19,13,6,true,false,true
pc-b405f15d-1308,rudeljaeger__mit_pc,control,0,6,2,9,11,22,10,12,false,false,false
pc-3ab880a0-1309,rudeljaeger__mit_pc,control,0,6,5,15,20,40,25,15,false,false,false
pc-3ab880a0-1309,solidaritaet_ueberleben__mit_pc,control,1,9,5,15,11,31,22,9,true,true,true
pc-a6a0b2d8-1310,rudeljaeger__mit_pc,control,0,7,4,17,19,40,19,21,false,false,false
pc-55831daa-1313,rudeljaeger__mit_pc,control,0,6,3,13,13,29,15,14,true,true,true
pc-481ddf25-1315,rudeljaeger__mit_pc,control,0,6,3,8,6,17,12,5,false,false,false
pc-481ddf25-1315,solidaritaet_ueberleben__mit_pc,control,1,13,4,16,12,32,20,12,true,true,true
pc-0523868c-1317,solidaritaet_ueberleben__mit_pc,control,1,8,1,3,2,6,5,1,true,false,false
pc-0523868c-1317,rudeljaeger__mit_pc,control,0,14,5,14,14,33,22,11,false,false,false
pc-f7be4806-1319,rudeljaeger__mit_pc,control,0,6,5,11,9,25,19,6,false,false,false
pc-f7be4806-1319,solidaritaet_ueberleben__mit_pc,control,1,15,5,21,14,40,23,17,true,true,true
pc-1fee0396-1321,rudeljaeger__mit_pc,control,0,6,4,16,24,44,20,24,true,false,false
pc-8bd635ce-1322,solidaritaet_ueberleben__mit_pc,control,1,7,4,13,10,27,16,11,false,false,false
pc-1288c511-1323,solidaritaet_ueberleben__mit_pc,control,1,6,2,8,8,18,10,8,false,false,false
pc-cf8e8c77-1325,solidaritaet_ueberleben__mit_pc,control,1,7,4,10,6,20,16,4,true,false,false
pc-3b76beb0-1326,solidaritaet_ueberleben__mit_pc,control,1,6,3,5,2,10,9,1,true,false,false
pc-3b76beb0-1326,rudeljaeger__mit_pc,control,0,6,5,14,17,36,24,12,false,false,false
pc-c2294df2-1327,rudeljaeger__mit_pc,control,0,6,5,0,0,5,5,0,false,false,false
pc-c2294df2-1327,solidaritaet_ueberleben__mit_pc,control,1,7,4,14,13,31,20,11,true,false,false
pc-63a67a3f-1328,rudeljaeger__mit_pc,control,0,6,3,8,10,21,14,7,true,false,false
pc-63a67a3f-1328,solidaritaet_ueberleben__mit_pc,control,1,9,3,9,8,20,15,5,false,false,false
pc-ea590981-1329,solidaritaet_ueberleben__mit_pc,control,1,6,2,8,8,18,10,8,false,false,false
pc-ea590981-1329,rudeljaeger__mit_pc,control,0,8,4,15,15,34,20,14,true,false,true
pc-56413bba-1330,rudeljaeger__mit_pc,control,0,6,5,17,18,40,25,15,false,false,false
pc-56413bba-1330,solidaritaet_ueberleben__mit_pc,control,1,7,4,13,9,26,18,8,true,false,false
pc-dcf3cafc-1331,rudeljaeger__mit_pc,control,0,7,3,12,14,29,14,15,false,false,false
pc-05e1a49c-1334,rudeljaeger__mit_pc,control,0,6,4,15,15,34,17,17,false,false,false
pc-05e1a49c-1334,solidaritaet_ueberleben__mit_pc,control,1,7,4,13,11,28,20,8,true,false,false
pc-8c9453de-1335,rudeljaeger__mit_pc,control,0,8,3,6,7,16,7,9,true,false,true
pc-2e11602b-1336,rudeljaeger__mit_pc,control,0,7,3,1,3,7,6,1,true,false,true
pc-2e11602b-1336,solidaritaet_ueberleben__mit_pc,control,1,9,5,14,9,28,21,7,false,false,false
pc-b4c40f6d-1337,rudeljaeger__mit_pc,control,0,6,5,10,11,26,21,5,true,false,false
pc-a75ed0e8-1339,solidaritaet_ueberleben__mit_pc,control,1,8,3,9,8,20,15,5,true,true,true
pc-6464984f-1341,rudeljaeger__mit_pc,control,0,7,2,0,0,2,2,0,true,true,true
pc-d04caa87-1342,rudeljaeger__mit_pc,control,0,7,5,14,13,32,22,10,false,false,false
pc-d04caa87-1342,solidaritaet_ueberleben__mit_pc,control,1,11,5,15,12,32,25,7,true,true,true
pc-f87c6616-1344,rudeljaeger__mit_pc,control,0,6,5,18,20,43,25,18,false,false,false
pc-7f2f1559-1345,rudeljaeger__mit_pc,control,0,6,3,10,11,24,14,10,true,false,true
pc-71c9d6d4-1347,rudeljaeger__mit_pc,control,0,7,4,15,18,37,19,18,false,false,false
pc-71c9d6d4-1347,solidaritaet_ueberleben__mit_pc,control,1,8,3,10,9,22,15,7,true,false,false
pc-a81ceef8-1348,rudeljaeger__mit_pc,control,0,11,3,5,4,12,8,4,true,false,false
pc-a81ceef8-1348,solidaritaet_ueberleben__mit_pc,control,1,12,4,10,7,21,18,3,false,false,false
pc-2ecf9e3b-1349,rudeljaeger__mit_pc,control,0,6,4,13,17,34,20,14,false,false,false
pc-2ecf9e3b-1349,solidaritaet_ueberleben__mit_pc,control,1,10,2,6,4,12,10,2,true,false,false
pc-3592e99f-1352,solidaritaet_ueberleben__mit_pc,control,1,11,4,11,10,25,20,5,false,false,false
pc-3592e99f-1352,rudeljaeger__mit_pc,control,0,14,4,9,9,22,16,6,false,false,false
pc-bc4598e1-1353,solidaritaet_ueberleben__mit_pc,control,1,6,3,13,10,26,15,11,true,false,false
pc-bc4598e1-1353,rudeljaeger__mit_pc,control,0,7,5,10,9,24,16,8,false,false,false
pc-42f82824-1354,rudeljaeger__mit_pc,control,0,9,4,19,22,45,20,25,false,false,false
pc-c9aad766-1355,rudeljaeger__mit_pc,control,0,6,3,7,9,19,14,5,true,false,false
pc-c9aad766-1355,solidaritaet_ueberleben__mit_pc,control,1,6,2,5,5,12,10,2,false,false,false
pc-d71015eb-1357,rudeljaeger__mit_pc,control,0,6,1,1,2,4,4,0,true,false,false
pc-d71015eb-1357,solidaritaet_ueberleben__mit_pc,control,1,6,3,11,9,23,15,8,false,false,false
pc-794b4048-1359,rudeljaeger__mit_pc,control,0,6,3,8,8,19,14,5,false,false,false
pc-794b4048-1359,solidaritaet_ueberleben__mit_pc,control,1,7,2,3,3,8,6,2,true,false,false
pc-86b09ecd-1361,solidaritaet_ueberleben__mit_pc,control,1,6,5,7,4,16,15,1,true,false,false
pc-0d632e10-1362,rudeljaeger__mit_pc,control,0,6,2,5,4,11,7,4,true,false,false
pc-0d632e10-1362,solidaritaet_ueberleben__mit_pc,control,1,6,4,3,3,10,8,2,false,false,false
pc-9415dd52-1363,solidaritaet_ueberleben__mit_pc,control,1,6,3,12,8,23,13,10,false,false,false
pc-1ac86c95-1364,rudeljaeger__mit_pc,control,0,6,4,0,0,4,4,0,false,false,false
pc-43b64634-1367,rudeljaeger__mit_pc,control,0,6,3,7,10,20,14,6,false,false,false
pc-ca68f576-1368,rudeljaeger__mit_pc,control,0,7,5,19,22,46,25,21,true,false,true
pc-ca68f576-1368,solidaritaet_ueberleben__mit_pc,control,1,8,4,11,9,24,16,8,false,false,false
pc-511b84b9-1369,rudeljaeger__mit_pc,control,0,6,1,4,4,9,5,4,false,false,false
pc-511b84b9-1369,solidaritaet_ueberleben__mit_pc,control,1,14,3,9,4,16,11,5,true,true,true
pc-d7ce33fb-1370,solidaritaet_ueberleben__mit_pc,control,1,8,4,13,10,27,20,7,false,false,false
pc-5e80c33e-1371,rudeljaeger__mit_pc,control,0,6,3,10,14,27,15,12,true,false,false
pc-5e80c33e-1371,solidaritaet_ueberleben__mit_pc,control,1,9,4,17,15,36,20,16,false,false,false
pc-6be601c3-1373,solidaritaet_ueberleben__mit_pc,control,1,7,3,6,6,15,11,4,false,false,false
pc-6be601c3-1373,rudeljaeger__mit_pc,control,0,12,2,4,6,12,10,2,true,true,true
pc-876ebcdd-1374,solidaritaet_ueberleben__mit_pc,control,1,7,2,9,8,19,10,9,false,false,false
pc-94d3fb62-1376,solidaritaet_ueberleben__mit_pc,control,1,9,1,0,0,1,1,0,false,false,false
pc-94d3fb62-1376,rudeljaeger__mit_pc,control,0,9,5,17,23,45,24,21,true,false,false
pc-1b868aa5-1377,solidaritaet_ueberleben__mit_pc,control,1,9,1,2,2,5,5,0,true,false,false
pc-1b868aa5-1377,rudeljaeger__mit_pc,control,0,11,5,0,0,5,5,0,false,false,false
pc-a23939e7-1378,rudeljaeger__mit_pc,control,0,6,5,10,16,31,23,8,false,false,false
pc-28ebc92a-1379,solidaritaet_ueberleben__mit_pc,control,1,8,5,8,6,19,13,6,false,false,false
pc-af9e786c-1380,rudeljaeger__mit_pc,control,0,6,2,8,10,20,10,10,false,false,false
pc-af9e786c-1380,solidaritaet_ueberleben__mit_pc,control,1,8,5,8,6,19,17,2,true,true,true
pc-51d9a2c9-1382,rudeljaeger__mit_pc,control,0,8,2,6,8,16,9,7,false,false,false
pc-51d9a2c9-1382,solidaritaet_ueberleben__mit_pc,control,1,9,4,9,7,20,17,3,true,false,false
pc-d88c520b-1383,rudeljaeger__mit_pc,control,0,6,4,9,11,24,18,6,true,false,false
pc-5f3ee14e-1384,solidaritaet_ueberleben__mit_pc,control,1,7,3,12,8,23,15,8,true,false,false
pc-5f3ee14e-1384,rudeljaeger__mit_pc,control,0,7,4,10,11,25,12,13,false,false,false
pc-e5f19090-1385,rudeljaeger__mit_pc,control,0,6,3,8,6,17,15,2,false,false,false
pc-e5f19090-1385,solidaritaet_ueberleben__mit_pc,control,1,6,5,9,7,21,15,6,true,false,false
pc-6ca43fd3-1386,rudeljaeger__mit_pc,control,0,6,3,9,10,22,15,7,true,false,true
pc-6ca43fd3-1386,solidaritaet_ueberleben__mit_pc,control,1,8,5,19,13,37,23,14,false,false,false
pc-f356cf15-1387,solidaritaet_ueberleben__mit_pc,control,1,8,4,9,8,21,12,9,true,true,true
pc-7a097e58-1388,rudeljaeger__mit_pc,control,0,6,2,7,6,15,10,5,false,false,false
pc-00bc0d9b-1389,rudeljaeger__mit_pc,control,0,6,3,8,12,23,14,9,false,false,false
pc-a2f757f7-1391,rudeljaeger__mit_pc,control,0,6,3,6,10,19,14,5,true,false,false
pc-29a9e73a-1392,rudeljaeger__mit_pc,control,0,7,4,17,20,41,19,22,true,false,true
pc-b05c967c-1393,solidaritaet_ueberleben__mit_pc,control,1,7,3,0,0,3,3,0,false,false,false
pc-370f25bf-1394,rudeljaeger__mit_pc,control,0,6,3,8,12,23,14,9,false,false,false
pc-370f25bf-1394,solidaritaet_ueberleben__mit_pc,control,1,10,5,10,8,23,19,4,true,false,false
pc-bdc1d501-1395,rudeljaeger__mit_pc,control,0,6,3,8,12,23,15,8,false,false,false
pc-bdc1d501-1395,solidaritaet_ueberleben__mit_pc,control,1,7,2,5,5,12,10,2,true,true,true
pc-e6afaea0-1398,rudeljaeger__mit_pc,control,0,6,3,10,10,23,15,8,false,false,false
pc-ac9b5999-1402,rudeljaeger__mit_pc,control,0,6,2,9,10,21,10,11,true,false,false
pc-d4cb1528-1404,rudeljaeger__mit_pc,control,0,6,5,12,14,31,22,9,true,false,false
pc-c765d6a3-1406,rudeljaeger__mit_pc,control,0,6,3,9,15,27,15,12,false,false,false
pc-40b32761-1407,rudeljaeger__mit_pc,control,0,8,5,20,21,46,25,21,false,false,false
pc-ef959232-1408,rudeljaeger__mit_pc,control,0,7,1,5,6,12,5,7,true,false,false
pc-68e2e2f0-1409,rudeljaeger__mit_pc,control,0,6,4,10,12,26,12,14,true,true,true
pc-e23053ad-1410,rudeljaeger__mit_pc,control,0,7,2,5,4,11,10,1,false,false,false
pc-41714571-1418,rudeljaeger__mit_pc,control,0,6,3,13,15,31,15,16,true,false,false
pc-babeb62e-1419,rudeljaeger__mit_pc,control,0,11,5,11,17,33,21,12,false,false,false
pc-e2ee71bd-1421,rudeljaeger__mit_pc,control,0,12,4,7,10,21,11,10,true,false,true
pc-fdb8eec7-1425,rudeljaeger__mit_pc,control,0,7,5,14,12,31,23,8,true,false,false
pc-e3ac8fcd-1432,rudeljaeger__mit_pc,control,0,10,5,15,18,38,17,21,true,false,true
pc-fe770cd7-1436,rudeljaeger__mit_pc,control,0,6,5,7,8,20,9,11,false,false,false
pc-f111ce52-1438,rudeljaeger__mit_pc,control,0,10,5,12,13,30,24,6,true,false,false
pc-194189e2-1440,rudeljaeger__mit_pc,control,0,6,5,8,10,23,9,14,false,false,false
pc-928efa9f-1441,rudeljaeger__mit_pc,control,0,10,5,12,15,32,24,8,false,false,false
pc-340c06ec-1444,rudeljaeger__mit_pc,control,0,6,4,12,18,34,18,16,false,false,false
pc-ad5977a9-1445,rudeljaeger__mit_pc,control,0,6,5,17,20,42,24,18,false,false,false
pc-26a6c867-1446,rudeljaeger__mit_pc,control,0,8,4,5,6,15,11,4,true,false,false
pc-f1cfec62-1449,rudeljaeger__mit_pc,control,0,6,5,19,24,48,24,24,true,false,false
pc-f89357c6-1450,rudeljaeger__mit_pc,control,0,13,5,6,7,18,9,9,false,false,false
pc-71e0a884-1451,rudeljaeger__mit_pc,control,0,6,4,9,11,24,16,8,false,false,false
pc-7f45e709-1453,rudeljaeger__mit_pc,control,0,12,3,1,3,7,6,1,true,false,true
pc-8cab258e-1455,rudeljaeger__mit_pc,control,0,6,3,11,10,24,15,9,true,false,false
pc-9a106413-1457,rudeljaeger__mit_pc,control,0,7,5,21,22,48,24,24,false,false,false
pc-a775a298-1459,rudeljaeger__mit_pc,control,0,6,4,6,8,18,12,6,false,false,false
pc-b4dae11d-1461,rudeljaeger__mit_pc,control,0,9,4,16,17,37,20,17,true,false,false
pc-48f2cee5-1462,rudeljaeger__mit_pc,control,0,6,3,9,8,20,12,8,false,false,false
pc-c2403fa2-1463,rudeljaeger__mit_pc,control,0,6,4,13,15,32,20,12,false,false,false
pc-8d69439e-1466,rudeljaeger__mit_pc,control,0,6,3,11,11,25,15,10,true,false,false
pc-06b6b45c-1467,rudeljaeger__mit_pc,control,0,6,2,8,10,20,10,10,false,false,false
pc-141bf2e1-1469,rudeljaeger__mit_pc,control,0,6,2,7,8,17,10,7,false,false,false
pc-21813166-1471,rudeljaeger__mit_pc,control,0,12,2,3,4,9,9,0,false,false,false
pc-d0639c37-1476,rudeljaeger__mit_pc,control,0,6,3,6,7,16,11,5,false,false,false
pc-49b0ecf5-1477,rudeljaeger__mit_pc,control,0,8,3,13,18,34,14,20,true,false,false
pc-ddc8dabc-1478,rudeljaeger__mit_pc,control,0,6,3,11,13,27,15,12,true,false,false
pc-647b69ff-1481,rudeljaeger__mit_pc,control,0,6,2,7,8,17,10,7,true,true,true
pc-223f4f76-1482,rudeljaeger__mit_pc,control,0,6,3,7,7,17,12,5,true,false,false
pc-9b8ca033-1483,rudeljaeger__mit_pc,control,0,6,4,7,4,15,12,3,true,false,false
pc-2fa48dfb-1484,rudeljaeger__mit_pc,control,0,6,4,13,13,30,18,12,true,false,false
pc-3d09cc80-1486,rudeljaeger__mit_pc,control,0,6,3,9,13,25,14,11,true,false,false
pc-b6573d3d-1487,rudeljaeger__mit_pc,control,0,6,1,3,2,6,5,1,true,false,false
pc-c3bc7bc2-1489,rudeljaeger__mit_pc,control,0,6,3,5,6,14,12,2,true,false,false
pc-57d4498a-1490,rudeljaeger__mit_pc,control,0,7,4,8,13,25,18,7,true,false,false
pc-d121ba47-1491,rudeljaeger__mit_pc,control,0,15,3,4,6,13,11,2,true,true,true
pc-6539880f-1492,rudeljaeger__mit_pc,control,0,6,4,9,6,19,15,4,true,false,false
pc-729ec694-1494,rudeljaeger__mit_pc,control,0,11,2,5,8,15,9,6,true,false,true
pc-b7155b4d-1498,rudeljaeger__mit_pc,control,0,10,5,21,25,51,25,26,false,false,false
pc-3062ac0b-1499,rudeljaeger__mit_pc,control,0,6,5,9,14,28,20,8,true,false,true
pc-1fda8c06-1500,solidaritaet_ueberleben__mit_pc,control,1,9,2,5,2,9,8,1,true,false,false
pc-12754d81-1502,solidaritaet_ueberleben__mit_pc,control,1,8,3,10,10,23,15,8,false,false,false
pc-a68d3b48-1507,solidaritaet_ueberleben__mit_pc,control,1,7,4,13,10,27,20,7,false,false,false
pc-cebcf6d7-1509,solidaritaet_ueberleben__mit_pc,control,1,10,2,2,0,4,4,0,false,false,false
pc-c157b852-1511,solidaritaet_ueberleben__mit_pc,control,1,7,4,6,6,16,12,4,true,true,true
pc-e98773e1-1513,solidaritaet_ueberleben__mit_pc,control,1,10,3,6,4,13,12,1,true,false,false
pc-62d4c49f-1514,solidaritaet_ueberleben__mit_pc,control,1,7,3,2,2,7,7,0,true,false,false
pc-dc22355c-1515,solidaritaet_ueberleben__mit_pc,control,1,7,5,9,8,22,18,4,false,false,false
pc-0451f0ec-1517,solidaritaet_ueberleben__mit_pc,control,1,14,1,4,4,9,5,4,true,true,true
pc-f6ecb266-1519,solidaritaet_ueberleben__mit_pc,control,1,6,2,9,8,19,10,9,true,false,false
pc-a5cf1d38-1520,solidaritaet_ueberleben__mit_pc,control,1,6,3,9,6,18,13,5,false,false,false
pc-c0999a42-1524,solidaritaet_ueberleben__mit_pc,control,1,11,5,16,12,33,23,10,true,false,false
pc-b3345bbd-1526,solidaritaet_ueberleben__mit_pc,control,1,9,5,13,8,26,20,6,true,false,false
pc-2c81ac7b-1527,solidaritaet_ueberleben__mit_pc,control,1,6,4,12,8,24,18,6,false,false,false
pc-db64174c-1528,solidaritaet_ueberleben__mit_pc,control,1,8,3,8,6,17,15,2,false,false,false
pc-cdfed8c7-1530,solidaritaet_ueberleben__mit_pc,control,1,7,4,7,4,15,10,5,true,true,true
pc-474c2985-1531,solidaritaet_ueberleben__mit_pc,control,1,6,1,4,4,9,5,4,true,false,false
pc-f62e9456-1532,solidaritaet_ueberleben__mit_pc,control,1,8,5,16,10,31,19,12,false,false,false
pc-e8c955d1-1534,solidaritaet_ueberleben__mit_pc,control,1,9,1,4,4,9,5,4,true,false,true
pc-6216a68f-1535,solidaritaet_ueberleben__mit_pc,control,1,6,4,10,8,22,17,5,false,false,false
pc-8a46621e-1537,solidaritaet_ueberleben__mit_pc,control,1,6,0,0,0,0,0,0,true,false,true
pc-2bc38e6b-1540,solidaritaet_ueberleben__mit_pc,control,1,7,3,3,0,6,5,1,true,true,true
pc-1e5e4fe6-1542,solidaritaet_ueberleben__mit_pc,control,1,6,3,0,0,3,3,0,true,false,false
pc-97aba0a3-1543,solidaritaet_ueberleben__mit_pc,control,1,8,4,11,8,23,18,5,true,false,true
pc-468e0b75-1544,solidaritaet_ueberleben__mit_pc,control,1,6,0,0,0,0,0,0,true,false,true
pc-b2763dad-1547,solidaritaet_ueberleben__mit_pc,control,1,6,4,8,6,18,14,4,true,false,false
pc-6158887f-1548,solidaritaet_ueberleben__mit_pc,control,1,8,4,13,8,25,18,7,true,true,true
pc-daa5f93c-1549,solidaritaet_ueberleben__mit_pc,control,1,6,3,0,0,3,3,0,true,false,false
pc-ae952df1-1551,solidaritaet_ueberleben__mit_pc,control,1,7,2,4,2,8,8,0,true,true,true
pc-1a7d402a-1554,solidaritaet_ueberleben__mit_pc,control,1,7,3,0,0,3,3,0,true,false,true
pc-a12fef6c-1557,solidaritaet_ueberleben__mit_pc,control,1,6,3,9,8,20,11,9,true,false,false
pc-f18f668a-1561,solidaritaet_ueberleben__mit_pc,control,1,8,2,8,6,16,10,6,true,false,true
pc-5d7798c3-1564,solidaritaet_ueberleben__mit_pc,control,1,6,5,9,8,22,17,5,true,false,false
pc-19bf221a-1567,solidaritaet_ueberleben__mit_pc,control,1,7,3,11,10,24,15,9,true,true,true
pc-2724609f-1569,solidaritaet_ueberleben__mit_pc,control,1,10,2,8,8,18,10,8,true,false,false
pc-fef4a50f-1571,solidaritaet_ueberleben__mit_pc,control,1,10,3,13,8,24,13,11,false,false,false
pc-930c92d7-1572,solidaritaet_ueberleben__mit_pc,control,1,6,3,10,8,21,13,8,true,false,true
pc-0c59e395-1573,solidaritaet_ueberleben__mit_pc,control,1,9,4,13,10,27,20,7,true,true,true
pc-d606cb70-1574,solidaritaet_ueberleben__mit_pc,control,1,7,3,0,0,3,3,0,true,true,true
pc-4f543c2e-1575,solidaritaet_ueberleben__mit_pc,control,1,6,3,10,8,21,15,6,false,false,false
pc-e36c09f5-1576,solidaritaet_ueberleben__mit_pc,control,1,9,1,3,2,6,5,1,true,false,false
pc-5cb97ab3-1577,solidaritaet_ueberleben__mit_pc,control,1,6,5,7,6,18,14,4,true,false,false
pc-bb3c4e66-1578,solidaritaet_ueberleben__mit_pc,control,1,6,5,4,4,13,9,4,true,false,false
pc-3489bf24-1579,solidaritaet_ueberleben__mit_pc,control,1,7,4,13,8,25,18,7,true,false,false
pc-41eefda9-1581,solidaritaet_ueberleben__mit_pc,control,1,9,1,3,2,6,5,1,true,true,true
pc-1901040a-1584,solidaritaet_ueberleben__mit_pc,control,1,8,4,7,6,17,13,4,true,true,true
pc-924e74c7-1585,solidaritaet_ueberleben__mit_pc,control,1,7,5,14,8,27,23,4,false,false,false
pc-f0d1487a-1586,solidaritaet_ueberleben__mit_pc,control,1,9,3,10,8,21,15,6,false,false,false
pc-fe3686ff-1588,solidaritaet_ueberleben__mit_pc,control,1,6,4,14,10,28,18,10,true,false,false
pc-7783f7bd-1589,solidaritaet_ueberleben__mit_pc,control,1,7,1,0,0,1,1,0,false,false,false
pc-c7e36edb-1593,solidaritaet_ueberleben__mit_pc,control,1,6,4,9,8,21,12,9,false,false,false
pc-2666428f-1594,solidaritaet_ueberleben__mit_pc,control,1,11,5,10,4,19,17,2,true,false,false
pc-9fb3b34c-1595,solidaritaet_ueberleben__mit_pc,control,1,9,4,0,0,4,4,0,true,false,false
pc-33cb8114-1596,solidaritaet_ueberleben__mit_pc,control,1,7,3,3,2,8,7,1,true,true,true
pc-ad18f1d1-1597,solidaritaet_ueberleben__mit_pc,control,1,7,4,4,4,12,8,4,true,false,false
pc-76c5d9ad-1598,solidaritaet_ueberleben__mit_pc,control,1,11,3,0,0,3,3,0,false,false,false
pc-52ff92ca-1703,rudeljaeger__mit_pc,control,0,6,3,11,10,24,15,9,true,false,false
pc-6064d14f-1705,urzeitliche_kolosse__mit_pc,control,1,7,5,14,12,31,21,10,true,true,true
pc-6dca0fd4-1707,rudeljaeger__mit_pc,control,0,6,3,11,10,24,15,9,true,true,true
pc-10055a31-1709,rudeljaeger__mit_pc,control,0,8,5,22,17,44,25,19,false,false,false
pc-1d6a98b6-1711,rudeljaeger__mit_pc,control,0,6,3,11,11,25,15,10,true,false,true
pc-383515c0-1715,urzeitliche_kolosse__mit_pc,control,1,6,4,3,2,9,8,1,false,false,false
pc-383515c0-1715,rudeljaeger__mit_pc,control,0,9,2,2,0,4,4,0,true,true,true
pc-524174ba-1722,urzeitliche_kolosse__mit_pc,control,1,6,3,13,10,26,15,11,false,false,false
pc-01e1fd9c-1726,urzeitliche_kolosse__mit_pc,control,1,6,3,4,4,11,7,4,true,false,true
pc-88948cde-1727,rudeljaeger__mit_pc,control,0,6,3,11,12,26,15,11,true,true,true
pc-95f9cb63-1729,rudeljaeger__mit_pc,control,0,8,2,11,12,25,10,15,false,false,false
pc-95f9cb63-1729,urzeitliche_kolosse__mit_pc,control,1,9,4,5,3,12,10,2,true,false,true
pc-a35f09e8-1731,rudeljaeger__mit_pc,control,0,6,3,11,12,26,15,11,true,false,false
pc-a35f09e8-1731,urzeitliche_kolosse__mit_pc,control,1,7,5,6,5,16,13,3,false,false,false
pc-1bee5c96-1733,urzeitliche_kolosse__mit_pc,control,1,9,5,7,6,18,13,5,true,true,true
pc-b0062a5d-1736,urzeitliche_kolosse__mit_pc,control,1,6,4,10,6,20,15,5,true,false,false
pc-36b8d9a0-1737,urzeitliche_kolosse__mit_pc,control,1,6,2,0,0,2,2,0,true,false,true
pc-441e1825-1739,rudeljaeger__mit_pc,control,0,8,2,7,9,18,10,8,true,true,true
pc-5fa6b33f-1740,urzeitliche_kolosse__mit_pc,control,1,6,1,4,4,9,5,4,true,false,true
pc-f3be8106-1743,rudeljaeger__mit_pc,control,0,7,4,14,14,32,20,12,true,false,true
pc-7a713049-1744,rudeljaeger__mit_pc,control,0,6,3,10,9,22,14,8,true,false,false
pc-87d66ece-1746,rudeljaeger__mit_pc,control,0,6,3,9,8,20,13,7,true,false,false
pc-0065a17c-1748,rudeljaeger__mit_pc,control,0,8,4,16,16,36,20,16,true,false,true
pc-871850be-1749,rudeljaeger__mit_pc,control,0,6,2,7,8,17,10,7,true,true,true
pc-871850be-1749,urzeitliche_kolosse__mit_pc,control,1,7,4,9,7,20,17,3,false,false,false
pc-fd7a64aa-1750,rudeljaeger__mit_pc,control,0,6,2,7,8,17,10,7,true,false,false
pc-fd7a64aa-1750,urzeitliche_kolosse__mit_pc,control,1,13,2,8,8,18,10,8,false,false,false
pc-842d13ed-1751,urzeitliche_kolosse__mit_pc,control,1,6,4,4,4,12,8,4,true,false,false
pc-f0152625-1752,rudeljaeger__mit_pc,control,0,6,2,7,6,15,10,5,false,false,false
pc-696296e3-1755,rudeljaeger__mit_pc,control,0,6,3,5,5,13,7,6,false,false,false
pc-d54aa91b-1756,rudeljaeger__mit_pc,control,0,8,3,9,7,19,14,5,true,false,false
pc-25aa203a-1760,rudeljaeger__mit_pc,control,0,7,4,3,2,9,8,1,false,false,false
pc-25aa203a-1760,urzeitliche_kolosse__mit_pc,control,1,10,5,13,12,30,21,9,true,true,true
pc-ac5ccf7c-1761,rudeljaeger__mit_pc,control,0,6,2,7,6,15,10,5,true,true,true
pc-1844e1b5-1762,rudeljaeger__mit_pc,control,0,6,1,4,4,9,5,4,true,false,false
pc-1844e1b5-1762,urzeitliche_kolosse__mit_pc,control,1,6,3,11,9,23,15,8,false,false,false
pc-91925272-1765,urzeitliche_kolosse__mit_pc,control,1,6,3,9,8,20,11,9,true,false,false
pc-91925272-1765,rudeljaeger__mit_pc,control,0,7,3,9,12,24,15,9,false,false,false
pc-68a478d3-1766,urzeitliche_kolosse__mit_pc,control,1,6,3,8,6,17,13,4,false,false,false
pc-68a478d3-1766,rudeljaeger__mit_pc,control,0,7,3,12,12,27,15,12,true,false,false
pc-5b3f3a4e-1768,rudeljaeger__mit_pc,control,0,6,3,0,0,3,3,0,true,false,true
pc-e1f1c990-1769,urzeitliche_kolosse__mit_pc,control,1,6,3,14,12,29,15,14,true,false,false
pc-e1f1c990-1769,rudeljaeger__mit_pc,control,0,7,3,7,6,16,11,5,false,false,false
pc-4dd9fbc9-1770,rudeljaeger__mit_pc,control,0,9,4,11,7,22,12,10,false,false,false
pc-4dd9fbc9-1770,urzeitliche_kolosse__mit_pc,control,1,10,4,10,5,19,16,3,true,true,true
pc-d48c8b0b-1771,urzeitliche_kolosse__mit_pc,control,1,8,3,10,6,19,13,6,false,false,false
pc-c7274c86-1773,urzeitliche_kolosse__mit_pc,control,1,6,4,14,10,28,18,10,false,false,false
pc-90d43462-1776,urzeitliche_kolosse__mit_pc,control,1,8,3,7,6,16,11,5,true,true,true
pc-0a218520-1779,rudeljaeger__mit_pc,control,0,7,1,4,3,8,5,3,true,true,true
pc-5a811c3e-1783,urzeitliche_kolosse__mit_pc,control,1,6,3,13,10,26,15,11,false,false,false
pc-4d1bddb9-1785,rudeljaeger__mit_pc,control,0,6,3,8,8,19,13,6,true,false,false
pc-ab9eb16c-1788,rudeljaeger__mit_pc,control,0,6,1,3,2,6,5,1,true,true,true
pc-90161652-1791,rudeljaeger__mit_pc,control,0,6,2,8,8,18,10,8,false,false,false
pc-90161652-1791,urzeitliche_kolosse__mit_pc,control,1,10,5,10,4,19,17,2,true,true,true
pc-ee98ea05-1794,rudeljaeger__mit_pc,control,0,6,2,6,4,12,8,4,false,false,false
pc-754b9948-1795,rudeljaeger__mit_pc,control,0,6,1,3,2,6,5,1,false,false,false
pc-3ef86124-1798,urzeitliche_kolosse__mit_pc,control,1,6,5,6,6,17,13,4,false,false,false
pc-3ef86124-1798,rudeljaeger__mit_pc,control,0,9,4,21,19,44,20,24,true,false,false
pc-c5ab1066-1799,urzeitliche_kolosse__mit_pc,control,1,6,3,13,10,26,15,11,true,false,false
pc-c5ab1066-1799,rudeljaeger__mit_pc,control,0,7,4,14,18,36,20,16,false,false,false
pc-cde01157-1800,rudeljaeger__mit_pc,control,0,6,2,10,9,21,10,11,true,false,false
pc-472d6215-1801,rudeljaeger__mit_pc,control,0,8,3,9,9,21,11,10,false,false,false
pc-b315944d-1804,rudeljaeger__mit_pc,control,0,13,2,0,0,2,2,0,true,true,true
pc-2c62e50b-1805,rudeljaeger__mit_pc,control,0,6,3,12,12,27,15,12,false,false,false
pc-1efda686-1807,rudeljaeger__mit_pc,control,0,6,3,10,10,23,15,8,true,false,true
pc-11986801-1809,rudeljaeger__mit_pc,control,0,6,3,9,9,21,11,10,true,true,true
pc-0433297c-1811,rudeljaeger__mit_pc,control,0,6,3,8,6,17,13,4,true,false,false
pc-7d809a39-1812,rudeljaeger__mit_pc,control,0,6,3,6,4,13,9,4,true,false,true
pc-701b5bb4-1814,rudeljaeger__mit_pc,control,0,7,4,6,6,16,12,4,false,false,false
pc-5550deaa-1818,rudeljaeger__mit_pc,control,0,7,2,8,8,18,10,8,false,false,false
pc-2d21031b-1824,rudeljaeger__mit_pc,control,0,6,4,11,8,23,18,5,true,false,false
pc-f78c0906-1832,rudeljaeger__mit_pc,control,0,6,2,7,6,15,10,5,false,false,false
pc-70d979c4-1833,rudeljaeger__mit_pc,control,0,6,4,11,10,25,16,9,true,false,true
pc-dcc18bfc-1836,rudeljaeger__mit_pc,control,0,9,3,13,14,30,15,15,true,false,false
pc-48a9be35-1839,rudeljaeger__mit_pc,control,0,6,3,11,12,26,15,11,false,false,false
pc-2ddf212b-1843,rudeljaeger__mit_pc,control,0,6,3,9,7,19,14,5,false,false,false
pc-99c75363-1846,rudeljaeger__mit_pc,control,0,8,3,13,14,30,15,15,false,false,false
pc-8c6214de-1848,rudeljaeger__mit_pc,control,0,6,3,12,13,28,15,13,false,false,false
pc-23653f77-1855,rudeljaeger__mit_pc,control,0,8,1,3,2,6,5,1,true,false,true
pc-ed120752-1864,rudeljaeger__mit_pc,control,0,6,5,9,8,22,15,7,false,false,false
pc-665f7810-1865,rudeljaeger__mit_pc,control,0,6,1,5,5,11,5,6,false,false,false
pc-73c4b695-1867,rudeljaeger__mit_pc,control,0,7,3,11,12,26,15,11,true,false,false
pc-300c5fec-1874,rudeljaeger__mit_pc,control,0,6,1,5,5,11,5,6,true,false,false
pc-a959b0a9-1875,rudeljaeger__mit_pc,control,0,6,2,9,9,20,10,10,true,true,true
pc-b6beef2e-1877,rudeljaeger__mit_pc,control,0,6,3,10,8,21,14,7,false,false,false
pc-73069885-1884,rudeljaeger__mit_pc,control,0,6,0,0,0,0,0,0,true,true,true
pc-f9b927c7-1887,rudeljaeger__mit_pc,control,0,6,2,8,7,17,10,7,true,false,false
pc-2f4e21dc-1895,rudeljaeger__mit_pc,control,0,6,2,8,7,17,10,7,false,false,false
pc-3cb36061-1897,rudeljaeger__mit_pc,control,0,6,0,0,0,0,0,0,true,true,true
pc-d0cb4e28-1898,rudeljaeger__mit_pc,control,0,8,2,8,11,21,10,11,true,false,false
pc-4a18bee6-1899,rudeljaeger__mit_pc,control,0,6,1,5,5,11,5,6,true,true,true
pc-893f335e-1904,urzeitliche_kolosse__mit_pc,control,1,6,3,4,4,11,7,4,true,false,false
pc-b16eeeed-1910,urzeitliche_kolosse__mit_pc,control,1,8,1,1,0,2,2,0,true,true,true
pc-4586dcb5-1913,urzeitliche_kolosse__mit_pc,control,1,6,3,12,8,23,13,10,true,false,false
pc-cc396bf7-1914,urzeitliche_kolosse__mit_pc,control,1,6,2,8,8,18,10,8,false,false,false
pc-52ec1b3a-1915,urzeitliche_kolosse__mit_pc,control,1,6,1,4,4,9,5,4,false,false,false
pc-1e153f36-1920,urzeitliche_kolosse__mit_pc,control,1,7,4,9,8,21,16,5,true,true,true
pc-38dfbc40-1924,urzeitliche_kolosse__mit_pc,control,1,7,5,12,8,25,23,2,true,false,false
pc-bf924b82-1925,urzeitliche_kolosse__mit_pc,control,1,6,3,10,8,21,13,8,true,false,true
pc-4644fac5-1926,urzeitliche_kolosse__mit_pc,control,1,10,3,0,0,3,3,0,true,true,true
pc-ccf78a07-1927,urzeitliche_kolosse__mit_pc,control,1,8,2,3,2,7,6,1,true,false,false
pc-da5cc88c-1929,urzeitliche_kolosse__mit_pc,control,1,6,3,0,0,3,3,0,false,false,false
pc-e7c20711-1931,urzeitliche_kolosse__mit_pc,control,1,6,4,5,4,13,12,1,true,false,false
pc-44c8bea5-1932,urzeitliche_kolosse__mit_pc,control,1,6,1,4,4,9,5,4,false,false,false
pc-cb7b4de7-1933,urzeitliche_kolosse__mit_pc,control,1,9,5,15,14,34,25,9,true,true,true
pc-d8e08c6c-1935,urzeitliche_kolosse__mit_pc,control,1,6,4,6,6,16,12,4,false,false,false
pc-5f933baf-1936,urzeitliche_kolosse__mit_pc,control,1,6,2,4,4,10,6,4,false,false,false
pc-6cf87a34-1938,urzeitliche_kolosse__mit_pc,control,1,6,3,9,8,20,15,5,true,false,false
pc-f3ab0976-1939,urzeitliche_kolosse__mit_pc,control,1,7,5,9,8,22,17,5,false,false,false
pc-0e758681-1943,urzeitliche_kolosse__mit_pc,control,1,6,2,6,4,12,8,4,true,true,true
pc-255f13cf-1954,urzeitliche_kolosse__mit_pc,control,1,8,4,14,12,30,20,10,false,false,false
pc-17f9d54a-1956,urzeitliche_kolosse__mit_pc,control,1,8,2,3,0,5,4,1,false,false,false
pc-91472607-1957,urzeitliche_kolosse__mit_pc,control,1,7,0,0,0,0,0,0,true,true,true
pc-32c45254-1960,urzeitliche_kolosse__mit_pc,control,1,6,4,3,0,7,6,1,false,false,false
pc-d4417ea0-1963,urzeitliche_kolosse__mit_pc,control,1,6,4,11,8,23,18,5,true,true,true
pc-4d8ecf5e-1964,urzeitliche_kolosse__mit_pc,control,1,10,5,8,6,19,15,4,true,true,true
pc-0b52b4d5-1969,urzeitliche_kolosse__mit_pc,control,1,8,3,10,8,21,15,6,true,true,true
pc-d4ff9cb0-1974,urzeitliche_kolosse__mit_pc,control,1,6,3,9,8,20,11,9,false,false,false
pc-40e7aee9-1977,urzeitliche_kolosse__mit_pc,control,1,6,4,13,10,27,18,9,true,false,false
pc-efca19ba-1978,urzeitliche_kolosse__mit_pc,control,1,6,4,11,10,25,17,8,true,false,false
pc-e0e89f15-1982,urzeitliche_kolosse__mit_pc,control,1,6,2,3,0,5,4,1,false,false,false
pc-d3834090-1984,urzeitliche_kolosse__mit_pc,control,1,6,2,10,8,20,10,10,false,false,false
pc-8265ab62-1993,urzeitliche_kolosse__mit_pc,control,1,6,5,4,4,13,9,4,true,false,false
pc-ef0bfbaa-1999,urzeitliche_kolosse__mit_pc,control,1,6,5,3,2,10,9,1,false,false,false
pc-a4b456e8-2100,urzeitliche_kolosse__mit_pc,control,1,6,1,3,5,9,5,4,false,false,false
pc-1e01a7a6-2101,urzeitliche_kolosse__mit_pc,control,1,6,3,10,11,24,14,10,true,false,false
pc-2b66e62b-2103,urzeitliche_kolosse__mit_pc,control,1,6,3,7,6,16,12,4,true,false,false
pc-2b66e62b-2103,solidaritaet_ueberleben__mit_pc,control,0,6,4,12,11,27,20,7,false,false,false
pc-38cc24b0-2105,urzeitliche_kolosse__mit_pc,control,1,10,2,9,10,21,10,11,false,false,false
pc-46316335-2107,urzeitliche_kolosse__mit_pc,control,1,8,4,0,0,4,4,0,true,true,true
pc-6f1f5cd4-2108,solidaritaet_ueberleben__mit_pc,control,0,6,3,12,12,27,15,12,true,false,true
pc-e86cad91-2109,solidaritaet_ueberleben__mit_pc,control,0,9,4,14,19,37,20,17,true,false,false
pc-f5d1ec16-2111,solidaritaet_ueberleben__mit_pc,control,0,6,3,11,12,26,15,11,false,false,false
pc-89e9d9de-2112,urzeitliche_kolosse__mit_pc,control,1,7,5,14,17,36,21,15,false,false,false
pc-109c6921-2115,solidaritaet_ueberleben__mit_pc,control,0,6,4,15,15,34,20,14,true,false,false
pc-b2d7b37d-2117,urzeitliche_kolosse__mit_pc,control,1,6,4,10,15,29,20,9,false,false,false
pc-46ef8145-2118,solidaritaet_ueberleben__mit_pc,control,0,8,4,17,12,33,20,13,false,false,false
pc-46ef8145-2118,urzeitliche_kolosse__mit_pc,control,1,9,4,14,12,30,18,12,true,false,false
pc-c03cf202-2119,urzeitliche_kolosse__mit_pc,control,1,6,3,0,0,3,3,0,false,false,false
pc-c03cf202-2119,solidaritaet_ueberleben__mit_pc,control,0,7,3,3,3,9,7,2,true,true,true
pc-61ba1e4f-2122,urzeitliche_kolosse__mit_pc,control,1,6,2,6,8,16,10,6,true,false,true
pc-db076f0c-2123,solidaritaet_ueberleben__mit_pc,control,0,9,0,0,0,0,0,0,true,true,true
pc-03f548ac-2124,urzeitliche_kolosse__mit_pc,control,1,9,4,15,15,34,18,16,true,true,true
pc-7d42b969-2125,urzeitliche_kolosse__mit_pc,control,1,6,4,12,16,32,19,13,true,false,true
pc-8aa7f7ee-2127,urzeitliche_kolosse__mit_pc,control,1,6,3,7,6,16,12,4,true,true,true
pc-1ebfc5b6-2128,solidaritaet_ueberleben__mit_pc,control,0,6,3,14,13,30,15,15,true,true,true
pc-980d3673-2129,solidaritaet_ueberleben__mit_pc,control,0,8,3,15,16,34,15,19,true,true,true
pc-2c25043b-2130,solidaritaet_ueberleben__mit_pc,control,0,8,5,14,13,32,17,15,false,false,false
pc-2c25043b-2130,urzeitliche_kolosse__mit_pc,control,1,12,5,10,14,29,17,12,true,true,true
pc-a57274f8-2131,urzeitliche_kolosse__mit_pc,control,1,6,2,4,5,11,9,2,true,true,true
pc-7b085f39-2132,urzeitliche_kolosse__mit_pc,control,1,6,2,7,8,17,10,7,false,false,false
pc-f455aff6-2133,urzeitliche_kolosse__mit_pc,control,1,6,1,3,4,8,5,3,true,false,false
pc-f455aff6-2133,solidaritaet_ueberleben__mit_pc,control,0,6,3,11,11,25,15,10,false,false,false
pc-886d9dbe-2134,solidaritaet_ueberleben__mit_pc,control,0,6,1,2,2,5,5,0,true,true,true
pc-01baee7c-2135,solidaritaet_ueberleben__mit_pc,control,0,6,3,11,12,26,15,11,true,false,false
pc-01baee7c-2135,urzeitliche_kolosse__mit_pc,control,1,7,5,11,13,29,22,7,false,false,false
pc-95d2dc43-2136,urzeitliche_kolosse__mit_pc,control,1,6,3,6,11,20,14,6,false,false,false
pc-0f202d01-2137,solidaritaet_ueberleben__mit_pc,control,0,6,4,12,11,27,19,8,false,false,false
pc-a3381ac8-2138,solidaritaet_ueberleben__mit_pc,control,0,11,1,3,4,8,5,3,false,false,false
pc-a3381ac8-2138,urzeitliche_kolosse__mit_pc,control,1,11,3,9,12,24,14,10,true,false,true
pc-1c856b86-2139,solidaritaet_ueberleben__mit_pc,control,0,6,4,14,14,32,20,12,false,false,false
pc-45734525-2140,solidaritaet_ueberleben__mit_pc,control,0,7,5,7,6,18,13,5,true,false,false
pc-45734525-2140,urzeitliche_kolosse__mit_pc,control,1,11,5,4,4,13,9,4,false,false,false
pc-bec0b5e2-2141,urzeitliche_kolosse__mit_pc,control,1,6,2,5,7,14,9,5,false,false,false
pc-bec0b5e2-2141,solidaritaet_ueberleben__mit_pc,control,0,13,5,12,13,30,17,13,true,false,true
pc-52d883aa-2142,urzeitliche_kolosse__mit_pc,control,1,6,3,10,11,24,14,10,false,false,false
pc-cc25f467-2143,urzeitliche_kolosse__mit_pc,control,1,6,3,6,7,16,14,2,true,false,true
pc-603dc22f-2144,solidaritaet_ueberleben__mit_pc,control,0,6,5,16,13,34,23,11,false,false,false
pc-0fde4b11-2148,urzeitliche_kolosse__mit_pc,control,1,8,4,11,15,30,15,15,true,false,true
pc-892bbbce-2149,urzeitliche_kolosse__mit_pc,control,1,6,3,8,9,20,14,6,true,false,false
pc-892bbbce-2149,solidaritaet_ueberleben__mit_pc,control,0,6,4,14,13,31,20,11,false,false,false
pc-5c94674e-2150,solidaritaet_ueberleben__mit_pc,control,0,6,2,8,8,18,10,8,false,false,false
pc-5c94674e-2150,urzeitliche_kolosse__mit_pc,control,1,6,4,12,15,31,19,12,true,false,false
pc-e3471690-2151,solidaritaet_ueberleben__mit_pc,control,0,6,3,10,9,22,14,8,false,false,false
pc-e3471690-2151,urzeitliche_kolosse__mit_pc,control,1,8,4,14,17,35,19,16,true,false,false
pc-4f2f28c9-2152,urzeitliche_kolosse__mit_pc,control,1,9,3,10,11,24,15,9,true,false,false
pc-4f2f28c9-2152,solidaritaet_ueberleben__mit_pc,control,0,11,5,15,16,36,23,13,false,false,false
pc-d5e1d80b-2153,solidaritaet_ueberleben__mit_pc,control,0,7,4,9,8,21,12,9,true,true,true
pc-41c9ea44-2154,solidaritaet_ueberleben__mit_pc,control,0,8,4,7,6,17,12,5,false,false,false
pc-c87c9986-2155,solidaritaet_ueberleben__mit_pc,control,0,6,3,10,7,20,13,7,true,false,false
pc-3464abbf-2156,solidaritaet_ueberleben__mit_pc,control,0,6,2,5,4,11,8,3,true,false,false
pc-92296162-2158,solidaritaet_ueberleben__mit_pc,control,0,7,4,13,11,28,19,9,false,false,false
pc-18dc10a5-2159,solidaritaet_ueberleben__mit_pc,control,0,6,3,9,10,22,15,7,false,false,false
pc-84c422dd-2160,solidaritaet_ueberleben__mit_pc,control,0,9,4,14,9,27,18,9,true,false,true
pc-0b76d220-2161,urzeitliche_kolosse__mit_pc,control,1,6,4,10,13,27,12,15,true,false,false
pc-775ee458-2162,urzeitliche_kolosse__mit_pc,control,1,6,4,6,7,17,8,9,true,false,false
pc-69f9a5d3-2164,solidaritaet_ueberleben__mit_pc,control,0,7,3,3,2,8,7,1,false,false,false
pc-f0ac5515-2165,urzeitliche_kolosse__mit_pc,control,1,8,5,17,19,41,25,16,true,true,true
pc-f16a7325-2166,solidaritaet_ueberleben__mit_pc,control,0,7,2,6,7,15,8,7,false,false,false
pc-781d0268-2167,solidaritaet_ueberleben__mit_pc,control,0,6,3,11,10,24,14,10,true,false,true
pc-6ab7c3e3-2169,urzeitliche_kolosse__mit_pc,control,1,6,4,17,23,44,20,24,true,false,false
pc-6ab7c3e3-2169,solidaritaet_ueberleben__mit_pc,control,0,7,4,16,15,35,20,15,false,false,false
pc-d69ff61b-2170,urzeitliche_kolosse__mit_pc,control,1,8,3,15,19,37,15,22,true,false,false
pc-d69ff61b-2170,solidaritaet_ueberleben__mit_pc,control,0,9,3,10,7,20,15,5,false,false,false
pc-5d52855e-2171,solidaritaet_ueberleben__mit_pc,control,0,7,3,11,13,27,15,12,true,true,true
pc-4fed46d9-2173,solidaritaet_ueberleben__mit_pc,control,0,10,0,0,0,0,0,0,false,false,false
pc-26ff6d3a-2174,urzeitliche_kolosse__mit_pc,control,1,6,5,15,19,39,24,15,true,false,false
pc-adb21c7c-2175,solidaritaet_ueberleben__mit_pc,control,0,6,3,11,9,23,15,8,false,false,false
pc-a04cddf7-2177,solidaritaet_ueberleben__mit_pc,control,0,6,4,12,8,24,18,6,false,false,false
pc-0c34f030-2178,solidaritaet_ueberleben__mit_pc,control,0,6,3,5,5,13,7,6,true,false,false
pc-0c34f030-2178,urzeitliche_kolosse__mit_pc,control,1,7,2,7,7,16,10,6,false,false,false
pc-858240ed-2181,solidaritaet_ueberleben__mit_pc,control,0,8,4,14,13,31,19,12,false,false,false
pc-858240ed-2181,urzeitliche_kolosse__mit_pc,control,1,9,3,12,13,28,15,13,true,true,true
pc-32e86f9f-2182,urzeitliche_kolosse__mit_pc,control,1,6,2,9,12,23,10,13,true,false,false
pc-32e86f9f-2182,solidaritaet_ueberleben__mit_pc,control,0,7,4,13,16,33,20,13,false,false,false
pc-b99b1ee1-2183,solidaritaet_ueberleben__mit_pc,control,0,6,2,8,8,18,10,8,false,false,false
pc-b99b1ee1-2183,urzeitliche_kolosse__mit_pc,control,1,6,4,11,9,24,17,7,true,false,true
pc-ac35c05c-2185,urzeitliche_kolosse__mit_pc,control,1,6,4,12,11,27,17,10,true,false,false
pc-ac35c05c-2185,solidaritaet_ueberleben__mit_pc,control,0,14,4,10,8,22,16,6,false,false,false
pc-181df295-2186,urzeitliche_kolosse__mit_pc,control,1,7,4,6,8,18,8,10,false,false,false
pc-181df295-2186,solidaritaet_ueberleben__mit_pc,control,0,14,3,6,6,15,11,4,true,true,true
pc-9ed081d7-2187,urzeitliche_kolosse__mit_pc,control,1,7,2,7,10,19,10,9,true,true,true
pc-916b4352-2189,urzeitliche_kolosse__mit_pc,control,1,7,2,0,0,2,2,0,true,false,false
pc-687d69b3-2190,solidaritaet_ueberleben__mit_pc,control,0,8,4,6,6,16,12,4,true,true,true
pc-ef3018f5-2191,solidaritaet_ueberleben__mit_pc,control,0,6,3,8,5,16,14,2,false,false,false
pc-ef3018f5-2191,urzeitliche_kolosse__mit_pc,control,1,6,3,8,12,23,15,8,true,true,true
pc-5b182b2e-2192,solidaritaet_ueberleben__mit_pc,control,0,7,3,11,15,29,15,14,false,false,false
pc-e1cada70-2193,urzeitliche_kolosse__mit_pc,control,1,6,3,15,17,35,15,20,true,false,false
pc-e1cada70-2193,solidaritaet_ueberleben__mit_pc,control,0,7,4,14,16,34,20,14,false,false,false
pc-c7005d66-2197,urzeitliche_kolosse__mit_pc,control,1,6,5,18,24,47,24,23,true,false,false
pc-c7005d66-2197,solidaritaet_ueberleben__mit_pc,control,0,7,5,15,10,30,23,7,false,false,false
pc-4e710ab9-2199,solidaritaet_ueberleben__mit_pc,control,0,8,1,4,4,9,5,4,false,false,false
pc-1f94d576-2202,solidaritaet_ueberleben__mit_pc,control,0,6,4,14,13,31,20,11,true,false,false
pc-04ca586c-2206,solidaritaet_ueberleben__mit_pc,control,0,6,3,12,13,28,15,13,false,false,false
pc-7e17a929-2207,solidaritaet_ueberleben__mit_pc,control,0,6,4,14,13,31,20,11,false,false,false
pc-f76519e6-2208,solidaritaet_ueberleben__mit_pc,control,0,8,4,15,14,33,20,13,true,true,true
pc-e9ffdb61-2210,solidaritaet_ueberleben__mit_pc,control,0,6,3,12,13,28,15,13,true,true,true
pc-dc9a9cdc-2212,solidaritaet_ueberleben__mit_pc,control,0,8,3,12,12,27,14,13,false,false,false
pc-55e7ed9a-2213,solidaritaet_ueberleben__mit_pc,control,0,10,5,17,19,41,25,16,false,false,false
pc-4882af15-2215,solidaritaet_ueberleben__mit_pc,control,0,8,3,10,7,20,11,9,true,true,true
pc-117178e1-2217,solidaritaet_ueberleben__mit_pc,control,0,6,3,8,9,20,11,9,false,false,false
pc-8abec99e-2218,solidaritaet_ueberleben__mit_pc,control,0,6,3,10,11,24,15,9,false,false,false
pc-040c3a5c-2219,solidaritaet_ueberleben__mit_pc,control,0,7,4,13,10,27,20,7,true,true,true
pc-f6a6fbd6-2221,solidaritaet_ueberleben__mit_pc,control,0,6,4,14,11,29,18,11,false,false,false
pc-6ff44c94-2222,solidaritaet_ueberleben__mit_pc,control,0,9,2,4,4,10,6,4,false,false,false
pc-628f0e0f-2224,solidaritaet_ueberleben__mit_pc,control,0,12,4,14,8,26,17,9,true,true,true
pc-dbdc7ecc-2225,solidaritaet_ueberleben__mit_pc,control,0,6,4,17,15,36,20,16,false,false,false
pc-5529cf8a-2226,solidaritaet_ueberleben__mit_pc,control,0,6,3,9,9,21,11,10,false,false,false
pc-ce772047-2227,solidaritaet_ueberleben__mit_pc,control,0,6,2,8,9,19,10,9,true,false,false
pc-47c49105-2228,solidaritaet_ueberleben__mit_pc,control,0,6,4,6,6,16,12,4,false,false,false
pc-3a5f5280-2230,solidaritaet_ueberleben__mit_pc,control,0,8,4,11,12,27,12,15,true,false,false
pc-b3aca33d-2231,solidaritaet_ueberleben__mit_pc,control,0,8,5,22,12,39,23,16,false,false,false
pc-7c9b6d09-2233,solidaritaet_ueberleben__mit_pc,control,0,6,5,5,2,12,9,3,true,false,false
pc-f5e8ddc6-2234,solidaritaet_ueberleben__mit_pc,control,0,6,4,13,11,28,19,9,true,false,false
pc-6f362e84-2235,solidaritaet_ueberleben__mit_pc,control,0,8,5,15,14,34,17,17,false,false,false
pc-e8839f41-2236,solidaritaet_ueberleben__mit_pc,control,0,6,4,13,12,29,20,9,false,false,false
pc-61d0efff-2237,solidaritaet_ueberleben__mit_pc,control,0,6,5,3,4,12,9,3,false,false,false
pc-db1e40bc-2238,solidaritaet_ueberleben__mit_pc,control,0,6,3,12,11,26,15,11,true,true,true
pc-cdb90237-2240,solidaritaet_ueberleben__mit_pc,control,0,7,1,5,5,11,5,6,true,false,true
pc-39a13470-2243,solidaritaet_ueberleben__mit_pc,control,0,6,5,7,8,20,13,7,true,false,false
pc-6e781074-2248,solidaritaet_ueberleben__mit_pc,control,0,6,2,8,7,17,10,7,false,false,false
pc-fbcc92d7-2251,solidaritaet_ueberleben__mit_pc,control,0,7,4,12,12,28,17,11,true,false,false
pc-ee675452-2253,solidaritaet_ueberleben__mit_pc,control,0,7,4,12,15,31,20,11,true,false,false
pc-8fe4609f-2254,solidaritaet_ueberleben__mit_pc,control,0,12,4,7,8,19,12,7,true,true,true
pc-16970fe2-2255,solidaritaet_ueberleben__mit_pc,control,0,7,4,14,19,37,20,17,false,false,false
pc-aaaefda9-2258,solidaritaet_ueberleben__mit_pc,control,0,7,3,11,16,30,15,15,true,false,false
pc-31618cec-2259,solidaritaet_ueberleben__mit_pc,control,0,8,3,8,11,22,11,11,false,false,false
pc-4c2c09f6-2263,solidaritaet_ueberleben__mit_pc,control,0,6,2,8,8,18,10,8,true,false,false
pc-b8143c2e-2264,solidaritaet_ueberleben__mit_pc,control,0,8,4,14,17,35,20,15,false,false,false
pc-3ec6cb71-2265,solidaritaet_ueberleben__mit_pc,control,0,6,2,7,8,17,10,7,false,false,false
pc-09efef6d-2266,solidaritaet_ueberleben__mit_pc,control,0,7,3,11,15,29,15,14,true,false,true
pc-fc8ab0e7-2268,solidaritaet_ueberleben__mit_pc,control,0,7,4,13,15,32,20,12,false,false,false
pc-24ba6c77-2270,solidaritaet_ueberleben__mit_pc,control,0,6,1,5,5,11,5,6,true,false,false
pc-3f84e981-2274,solidaritaet_ueberleben__mit_pc,control,0,6,2,8,8,18,10,8,false,false,false
pc-c63798c3-2275,solidaritaet_ueberleben__mit_pc,control,0,6,2,3,2,7,6,1,true,true,true
pc-321faafc-2276,solidaritaet_ueberleben__mit_pc,control,0,6,3,10,10,23,15,8,true,false,false
pc-4cea2806-2280,solidaritaet_ueberleben__mit_pc,control,0,6,2,8,7,17,10,7,false,false,false
pc-d39cd748-2281,solidaritaet_ueberleben__mit_pc,control,0,8,2,8,7,17,10,7,true,false,false
pc-4b6debe6-2282,solidaritaet_ueberleben__mit_pc,control,0,7,3,12,11,26,15,11,true,false,false
pc-3e08ad61-2284,solidaritaet_ueberleben__mit_pc,control,0,7,1,4,3,8,5,3,false,false,false
pc-663868f0-2286,solidaritaet_ueberleben__mit_pc,control,0,7,4,7,6,17,12,5,true,true,true
pc-eceb1832-2287,solidaritaet_ueberleben__mit_pc,control,0,7,2,4,7,13,6,7,false,false,false
pc-58d32a6b-2288,solidaritaet_ueberleben__mit_pc,control,0,7,4,13,16,33,16,17,false,false,false
pc-8102e5fa-2290,solidaritaet_ueberleben__mit_pc,control,0,6,2,7,8,17,10,7,true,false,true
pc-07b5953d-2291,solidaritaet_ueberleben__mit_pc,control,0,8,3,12,13,28,14,14,false,false,false
pc-61a686bf-2302,urzeitliche_kolosse__mit_pc,control,1,6,3,7,7,17,13,4,false,false,false
pc-e8593601-2305,urzeitliche_kolosse__mit_pc,control,1,13,2,4,4,10,6,4,true,true,true
pc-f5be7486-2307,urzeitliche_kolosse__mit_pc,control,1,6,4,12,10,26,18,8,false,false,false
pc-1088f191-2311,urzeitliche_kolosse__mit_pc,control,1,6,3,6,7,16,12,4,false,false,false
pc-a4a0df58-2312,urzeitliche_kolosse__mit_pc,control,1,6,3,6,8,17,14,3,true,false,false
pc-1dee3016-2313,urzeitliche_kolosse__mit_pc,control,1,8,4,0,0,4,4,0,true,true,true
pc-b2061ddd-2314,urzeitliche_kolosse__mit_pc,control,1,7,5,9,11,25,17,8,true,false,false
pc-bf6b5c62-2316,urzeitliche_kolosse__mit_pc,control,1,6,4,7,13,24,18,6,true,false,true
pc-53832a2a-2321,urzeitliche_kolosse__mit_pc,control,1,6,4,6,11,21,16,5,true,false,false
pc-e79b17f1-2322,urzeitliche_kolosse__mit_pc,control,1,6,3,8,9,20,14,6,true,false,false
pc-60e868af-2323,urzeitliche_kolosse__mit_pc,control,1,6,3,7,12,22,14,8,false,false,false
pc-f5005676-2324,urzeitliche_kolosse__mit_pc,control,1,10,5,18,25,48,24,24,true,false,false
pc-026594fc-2326,urzeitliche_kolosse__mit_pc,control,1,6,2,5,8,15,9,6,true,false,false
pc-7bb2e5b9-2327,urzeitliche_kolosse__mit_pc,control,1,9,4,10,12,26,16,10,true,false,false
pc-8918243e-2329,urzeitliche_kolosse__mit_pc,control,1,6,3,5,7,15,11,4,true,false,false
pc-967d62c3-2331,urzeitliche_kolosse__mit_pc,control,1,8,4,19,22,45,20,25,true,false,true
pc-7ded5fe9-2332,urzeitliche_kolosse__mit_pc,control,1,6,2,7,6,15,10,5,true,false,false
pc-f73ab0a6-2333,urzeitliche_kolosse__mit_pc,control,1,10,2,2,5,9,6,3,false,false,false
pc-049fef2c-2335,urzeitliche_kolosse__mit_pc,control,1,6,3,11,12,26,15,11,true,false,false
pc-12052db1-2337,urzeitliche_kolosse__mit_pc,control,1,6,3,7,10,20,14,6,false,false,false
pc-a61d1b78-2338,urzeitliche_kolosse__mit_pc,control,1,6,1,4,4,9,5,4,true,false,false
pc-2ccfaabb-2341,urzeitliche_kolosse__mit_pc,control,1,7,4,20,24,48,20,28,true,false,true
pc-3a34e940-2343,urzeitliche_kolosse__mit_pc,control,1,7,3,15,17,35,15,20,true,false,false
pc-479a27c5-2345,urzeitliche_kolosse__mit_pc,control,1,6,3,9,6,18,13,5,false,false,false
pc-dbb2158c-2346,urzeitliche_kolosse__mit_pc,control,1,6,5,12,17,34,21,13,false,false,false
pc-84791672-2353,urzeitliche_kolosse__mit_pc,control,1,6,3,12,14,29,14,15,true,false,false
pc-d596aba0-2354,urzeitliche_kolosse__mit_pc,control,1,6,5,19,26,50,25,25,true,false,false
pc-e2fbea25-2356,urzeitliche_kolosse__mit_pc,control,1,6,4,10,8,22,15,7,true,false,true
pc-25f622bf-2358,urzeitliche_kolosse__mit_pc,control,1,7,4,13,19,36,20,16,true,false,false
pc-aca8d201-2359,urzeitliche_kolosse__mit_pc,control,1,6,4,17,18,39,20,19,true,true,true
pc-91de54f7-2363,urzeitliche_kolosse__mit_pc,control,1,7,3,15,18,36,15,21,true,false,true
pc-9f43937c-2365,urzeitliche_kolosse__mit_pc,control,1,6,3,12,13,28,15,13,false,false,false
pc-5b8b3cd3-2366,urzeitliche_kolosse__mit_pc,control,1,6,4,15,16,35,19,16,true,false,false
pc-40c0bfc9-2370,urzeitliche_kolosse__mit_pc,control,1,6,3,8,10,21,11,10,true,false,false
pc-4e25fe4e-2372,urzeitliche_kolosse__mit_pc,control,1,9,3,11,12,26,12,14,true,false,false
pc-d4d88d90-2373,urzeitliche_kolosse__mit_pc,control,1,6,5,10,10,25,20,5,true,true,true
pc-17d2c62a-2375,urzeitliche_kolosse__mit_pc,control,1,6,4,12,15,31,19,12,true,false,false
pc-9e85756c-2376,urzeitliche_kolosse__mit_pc,control,1,9,3,0,0,3,3,0,true,false,false
pc-253804af-2377,urzeitliche_kolosse__mit_pc,control,1,6,4,15,17,36,19,17,true,false,false
pc-0a6d87a5-2381,urzeitliche_kolosse__mit_pc,control,1,6,4,11,13,28,19,9,true,false,false
pc-ff42a34f-2386,urzeitliche_kolosse__mit_pc,control,1,6,5,10,12,27,13,14,true,false,true
pc-85f55292-2387,urzeitliche_kolosse__mit_pc,control,1,7,3,9,12,24,15,9,true,false,true
pc-0ca7e1d5-2388,urzeitliche_kolosse__mit_pc,control,1,6,2,7,6,15,10,5,true,true,true
pc-5d0778f3-2392,urzeitliche_kolosse__mit_pc,control,1,6,5,17,17,39,23,16,false,false,false
pc-e3ba0835-2393,urzeitliche_kolosse__mit_pc,control,1,6,4,14,13,31,18,13,true,false,false
pc-34d7bd64-2394,urzeitliche_kolosse__mit_pc,control,1,7,4,13,14,31,19,12,true,false,true
pc-bb8a4ca6-2395,urzeitliche_kolosse__mit_pc,control,1,6,4,19,22,45,20,25,false,false,false
pc-85373482-2398,urzeitliche_kolosse__mit_pc,control,1,6,4,6,7,17,8,9,false,false,false
pc-0be9c3c5-2399,urzeitliche_kolosse__mit_pc,control,1,6,5,14,18,37,24,13,true,false,false
